0.205064639,0.745954275,-0.440140784,0.455825478
0.205386952,0.74536854,-0.440013021,0.456760943
0.206363022,0.743588567,-0.439622849,0.459589124
0.208010226,0.740559042,-0.438950509,0.464355946
0.210351408,0.736193657,-0.437964976,0.471124172
0.213414818,0.730372071,-0.436620653,0.479972273
0.217231706,0.722935557,-0.434856057,0.490993619
0.221837536,0.713681817,-0.432590306,0.504293621
0.22727026,0.702357054,-0.429718763,0.519985199
0.233563021,0.688650548,-0.426109523,0.538181663
0.240746766,0.672185302,-0.421595991,0.558985412
0.248838708,0.652513027,-0.415972352,0.582471669
0.257833928,0.62910974,-0.408987612,0.608663857
0.267695069,0.601379991,-0.400341451,0.637501597
0.27833572,0.568671107,-0.38968423,0.66879642
0.289601713,0.530308425,-0.376625448,0.702180326
0.301250964,0.485656232,-0.360753536,0.737050056
0.312941164,0.434212744,-0.341674864,0.772518873
0.324224144,0.375739038,-0.319072664,0.807397962
0.334565192,0.310406208,-0.292785287,0.84023267
0.343388945,0.23892796,-0.262889445,0.869417369
0.350157619,0.162622675,-0.229764774,0.893393397
0.354460686,0.083359249,-0.194108456,0.910895646
0.356094182,0.003362943,-0.156878933,0.921181142
0.355099648,-0.075077638,-0.119175188,0.924156368
0.351748019,-0.149918914,-0.082083061,0.920358717
0.346474826,-0.219592512,-0.046538312,0.910806596
0.339795142,-0.283106446,-0.013239481,0.896780193
0.332224309,-0.340022117,0.017375803,0.879607856
0.324220866,-0.390349925,0.04510716,0.860507488
0.316159427,-0.434411466,0.06993971,0.840498924
0.30832231,-0.472714216,0.091986366,0.820376217
0.300910473,-0.505848765,0.111437492,0.8007195
0.294055372,-0.534419477,0.128520176,0.781927049
0.28783527,-0.559002519,0.143471867,0.764253199
0.282290727,-0.580121219,0.156523153,0.747844934
0.277434915,-0.598238528,0.167887464,0.732771635
0.273264527,-0.613755405,0.177757382,0.719050169
0.269764394,-0.627013981,0.18630299,0.706662416
0.266914785,-0.638303816,0.193671167,0.695569038
0.264693499,-0.647867501,0.199989513,0.685718119
0.263076097,-0.655907929,0.205365866,0.677052915
0.262042493,-0.662592232,0.209891915,0.669515312
0.261573285,-0.668058395,0.213643894,0.663048863
0.261651844,-0.672418773,0.216685534,0.65760088
0.262266397,-0.675762653,0.219069049,0.653123379
0.26340735,-0.678161085,0.220835403,0.649573624
0.265069842,-0.679667473,0.222017378,0.646914601
0.267252564,-0.680320144,0.222638398,0.64511466
0.269957453,-0.680142641,0.222714856,0.64414835
0.27305752,-0.679436147,0.2225575,0.643641353
0.276423723,-0.678488076,0.222469792,0.643234849
0.280061275,-0.677290678,0.222449586,0.642930269
0.283973098,-0.675836384,0.222495228,0.642728925
0.288164645,-0.674116313,0.222604141,0.642631888
0.292637318,-0.672122121,0.222773939,0.642640769
0.297395945,-0.669843793,0.22300142,0.642756104
0.30244258,-0.667271793,0.223283172,0.642978668
0.30777812,-0.664396107,0.223615408,0.643309116
0.313405693,-0.661205649,0.22399354,0.643747628
0.31932345,-0.657690287,0.22441268,0.644294083
0.325532049,-0.653838873,0.224867344,0.644948363
0.332029253,-0.649640679,0.225351274,0.645709157
0.338811159,-0.645085156,0.225857735,0.646575928
0.345873326,-0.64016217,0.226379201,0.647546649
0.353209436,-0.634861648,0.226907492,0.648619235
0.360811204,-0.629174531,0.227433875,0.649791241
0.368668169,-0.623092592,0.22794883,0.651059747
0.376769066,-0.616608739,0.228442252,0.652420759
0.385100126,-0.609716713,0.228903338,0.653870642
0.393644601,-0.602412403,0.229320899,0.655404627
0.402385354,-0.594692886,0.229683116,0.657017589
0.411302239,-0.586557031,0.22997798,0.65870434
0.420373738,-0.578005791,0.230193093,0.660459161
0.429576874,-0.569042027,0.230315909,0.66227597
0.438886851,-0.559671044,0.230333805,0.664148331
0.448277652,-0.549899936,0.230234399,0.666070223
0.457722336,-0.539737999,0.230005234,0.66803503
0.467193514,-0.529196858,0.229634613,0.670036376
0.476663321,-0.518289864,0.229110986,0.672068298
0.486103415,-0.507032573,0.228423476,0.674124777
0.495485544,-0.495442063,0.227561817,0.676200271
0.504782557,-0.483537078,0.226516753,0.678289473
0.513967693,-0.471337497,0.22527954,0.680387735
0.523015022,-0.458864331,0.223842442,0.682490587
0.531900108,-0.446139604,0.22219865,0.684594452
0.540599167,-0.433185995,0.220342264,0.686696231
0.549090743,-0.420026451,0.21826832,0.688793242
0.557354629,-0.406684101,0.215972647,0.690883338
0.565372229,-0.39318192,0.213452101,0.692965031
0.573126376,-0.379542947,0.210704178,0.695037484
0.58060205,-0.365789771,0.207727268,0.697100043
0.58778578,-0.351944029,0.204520494,0.699152827
0.594665587,-0.33802712,0.201083511,0.701196074
0.6012308,-0.324059784,0.197416678,0.703230798
0.607473075,-0.310061067,0.193520799,0.705257654
0.613384664,-0.296050012,0.189397186,0.707278192
0.618959486,-0.282043964,0.185047448,0.709293842
0.624192655,-0.26805985,0.180473715,0.711306334
0.629080057,-0.254113108,0.175678223,0.713317573
0.633682013,-0.239765093,0.170398533,0.715488851
0.638041496,-0.224530682,0.164344817,0.717969239
0.642124951,-0.208354741,0.15747714,0.720739126
0.645892143,-0.191180974,0.149753392,0.723772824
0.649295747,-0.172953084,0.141130298,0.727038264
0.652280271,-0.153616518,0.131564125,0.730495274
0.654782236,-0.133120194,0.121011898,0.734094977
0.656728804,-0.11141862,0.109432884,0.737778842
0.658039272,-0.088474989,0.096790642,0.741477013
0.658624113,-0.064264007,0.083055072,0.745108247
0.658386886,-0.038776025,0.068205342,0.748579502
0.657225251,-0.012020865,0.052232776,0.751785994
0.655034065,0.015967827,0.035144202,0.754612684
0.651708603,0.045128524,0.016965363,0.756935596
0.647148669,0.075368129,-0.002255997,0.758625865
0.641264915,0.10655944,-0.022447309,0.759552836
0.633983731,0.138539642,-0.043509491,0.759590924
0.625254452,0.171111777,-0.065316431,0.758624732
0.615055382,0.204047188,-0.087716073,0.756556511
0.603398144,0.23709172,-0.110533409,0.753313065
0.590332568,0.269973844,-0.133575454,0.748851895
0.575947464,0.302414745,-0.156637728,0.743165195
0.560369134,0.334139764,-0.179512084,0.736282945
0.543758154,0.364889711,-0.201995164,0.728272319
0.526302934,0.394431889,-0.22389631,0.719235182
0.508211315,0.422568172,-0.245044485,0.709302902
0.489702225,0.449140996,-0.265294343,0.698629439
0.470995754,0.474036545,-0.284528881,0.687383235
0.452304572,0.497184694,-0.302661449,0.675739586
0.433828622,0.518555999,-0.319634587,0.663872123
0.415747076,0.538157284,-0.335418671,0.651947379
0.398217052,0.556026161,-0.350007683,0.640119314
0.381371439,0.572223902,-0.363415867,0.628525615
0.365319699,0.586829543,-0.375673324,0.617286205
0.350146264,0.599934518,-0.386821836,0.606502414
0.335914522,0.611636639,-0.3969118,0.596257627
0.322671175,0.622035682,-0.405997843,0.586618006
0.310444832,0.631231308,-0.414137304,0.577634215
0.299252063,0.639318943,-0.421386957,0.569343925
0.289098918,0.646389008,-0.427802175,0.561772585
0.279981703,0.652524948,-0.433435887,0.554936826
0.27189225,0.657803118,-0.438336521,0.548844874
0.264817357,0.662292242,-0.44254899,0.543499053
0.258740902,0.666052938,-0.446113318,0.538896739
0.253646642,0.669138193,-0.449064255,0.535031617
0.249514818,0.671593606,-0.451433063,0.531895339
0.246328473,0.673457682,-0.453245014,0.52947706
0.244070768,0.674761951,-0.454521358,0.527765274
0.242726728,0.675531268,-0.455278546,0.526747406
0.242281452,0.675784469,-0.455528796,0.526411057
0.242757171,0.675469697,-0.455183387,0.526894391
0.244193017,0.674516499,-0.454138517,0.528351665
0.24660337,0.672904611,-0.452376097,0.530793786
0.250004441,0.670605302,-0.44986999,0.534231603
0.254414737,0.667579532,-0.446587205,0.538674891
0.259854138,0.66377908,-0.442486316,0.544131577
0.266341835,0.659144819,-0.437518716,0.550606549
0.273897022,0.653607786,-0.431627631,0.558099389
0.282535493,0.647087932,-0.424749434,0.566602945
0.29226774,0.639495373,-0.416813523,0.576100469
0.303097606,0.630730212,-0.407743633,0.586563289
0.315018475,0.620684147,-0.397459716,0.597946763
0.328010529,0.609242857,-0.385879755,0.610187709
0.34203586,0.596289158,-0.372923851,0.623200357
0.357035637,0.58170718,-0.358517706,0.636873186
0.372926801,0.56538856,-0.342598379,0.65106672
0.389597774,0.547240019,-0.325120687,0.665611327
0.406906813,0.527192116,-0.306064248,0.680308819
0.424681991,0.505208552,-0.285440654,0.694933891
0.442722082,0.481297106,-0.263301015,0.709241092
0.460803568,0.455517024,-0.239740953,0.722972095
0.478685319,0.42798692,-0.214904428,0.735869408
0.496120542,0.398887753,-0.188983902,0.747688532
0.512869835,0.368460804,-0.162216067,0.758213162
0.528712451,0.337001473,-0.134873793,0.767269433
0.543458879,0.304847509,-0.107254595,0.774736702
0.556962192,0.272362262,-0.079666749,0.780554414
0.569122612,0.239917815,-0.052413475,0.784723997
0.579890549,0.207876161,-0.025779443,0.787305534
0.589264333,0.176573053,-1.85E-05,0.788409531
0.597285271,0.146305144,0.024654338,0.788186193
0.604028463,0.117322452,0.048067689,0.786813021
0.609595656,0.089823537,0.070094392,0.784481764
0.614104748,0.063956097,0.090649486,0.781388283
0.617682159,0.039820608,0.109685756,0.777722359
0.620455384,0.017475966,0.127187908,0.773662031
0.622548461,-0.00305465,0.14316605,0.769368291
0.624077618,-0.021775804,0.157650009,0.764983356
0.625148833,-0.038713492,0.170683593,0.760629594
0.625856817,-0.053908832,0.182319328,0.75641048
0.626284182,-0.067413256,0.192614436,0.752411664
0.626502872,-0.079283103,0.201627851,0.74870199
0.626572669,-0.08957696,0.209417582,0.745336831
0.626544058,-0.098352715,0.216038451,0.742358923
0.626457989,-0.105665259,0.22154139,0.739800513
0.626347065,-0.111565001,0.225971609,0.737685263
0.626236856,-0.116096221,0.229368791,0.736029208
0.626145661,-0.119298078,0.231766149,0.734842896
0.626086116,-0.12120194,0.233190492,0.734131098
0.626065731,-0.121832214,0.23366186,0.733894229
0.626116574,-0.121292837,0.233381063,0.734029531
0.626267791,-0.119665474,0.232531115,0.734437287
0.626514673,-0.116935872,0.231099412,0.735118032
0.626848996,-0.113089219,0.229071856,0.736068785
0.627259016,-0.108110249,0.22643283,0.73728323
0.627729774,-0.101983696,0.223165363,0.738750219
0.628242016,-0.094695158,0.219251424,0.740455031
0.628772259,-0.086231947,0.214672402,0.742378175
0.629293263,-0.076583497,0.209409341,0.744494975
0.629772842,-0.065743223,0.203443736,0.746776164
0.630175114,-0.053708915,0.196758062,0.749186873
0.630459607,-0.04048473,0.189336553,0.75168699
0.630582273,-0.026082166,0.181166008,0.754231155
0.63049531,-0.010521893,0.172237113,0.756769061
0.630148292,0.006165022,0.1625451,0.759245872
0.629489064,0.02393561,0.152091071,0.761602879
0.628463924,0.04273396,0.140882999,0.763779402
0.627020836,0.062490236,0.128936559,0.765712261
0.625109076,0.083120264,0.116276138,0.76733923
0.622681558,0.104525737,0.102935389,0.768600345
0.619697213,0.126594499,0.088957213,0.769438624
0.616121769,0.149202526,0.074394017,0.769804001
0.611929417,0.172215074,0.059306953,0.769653797
0.607104957,0.195489928,0.043764964,0.768955171
0.601642966,0.218880102,0.027843604,0.767686188
0.595550179,0.24223721,0.011623052,0.765836835
0.588843763,0.2654154,-0.00481353,0.763409853
0.581551969,0.288274169,-0.021382511,0.760419726
0.573712409,0.310681969,-0.038001493,0.7568928
0.565370381,0.332518876,-0.054591578,0.752866149
0.556578398,0.353678554,-0.071079209,0.748384714
0.547392428,0.374070048,-0.08739724,0.743501782
0.537872076,0.393617719,-0.103486396,0.738274634
0.528076947,0.41226238,-0.119296029,0.732764006
0.518066108,0.429959834,-0.134784147,0.727031887
0.507896125,0.446680725,-0.149917498,0.721139908
0.497620225,0.462408274,-0.164671481,0.715147495
0.487286806,0.477138042,-0.179029182,0.70911175
0.476940632,0.49087435,-0.192981377,0.703084826
0.466619939,0.50363034,-0.206524521,0.697115541
0.456357956,0.515425265,-0.219661459,0.691247463
0.446182877,0.526283383,-0.23239924,0.685519636
0.436118007,0.536232412,-0.244749159,0.679966092
0.426181704,0.545301974,-0.256725371,0.674616277
0.416387349,0.553523362,-0.26834482,0.669495821
0.406745255,0.560927749,-0.27962625,0.664625823
0.39726162,0.56754595,-0.290589571,0.660024583
0.3879399,0.573407531,-0.301255941,0.655706823
0.378780693,0.578540444,-0.31164664,0.651684344
0.369781226,0.582970917,-0.3217839,0.647967577
0.360890329,0.587318063,-0.331988364,0.643894017
0.352018744,0.592156589,-0.342566401,0.638812721
0.343114465,0.59744519,-0.353517473,0.632737875
0.334127843,0.603147149,-0.364840597,0.625670493
0.325014502,0.609226406,-0.37653318,0.617601454
0.315730155,0.615648746,-0.38859123,0.608512938
0.306235105,0.622378588,-0.40100795,0.598379016
0.296488315,0.629380167,-0.413774163,0.587168038
0.286453843,0.636613727,-0.426876217,0.574842513
0.276094139,0.644037664,-0.440296352,0.561361372
0.265375555,0.651605904,-0.454011858,0.546679854
0.25426504,0.659267664,-0.467993557,0.530751765
0.242732406,0.666966796,-0.482206076,0.513530552
0.230750412,0.67464155,-0.496605873,0.4949705
0.218293369,0.682223618,-0.511142254,0.475029081
0.205344513,0.689638197,-0.525754333,0.453668565
0.191885501,0.696804702,-0.540373862,0.43085885
0.177910239,0.703635871,-0.554921865,0.406578779
0.163416117,0.710039794,-0.569310784,0.380820155
0.148408711,0.715920091,-0.583445013,0.353588998
0.132905349,0.721178234,-0.597220361,0.324909478
0.116927616,0.72571516,-0.610528171,0.294823706
0.100513913,0.729433298,-0.623253942,0.263398081
0.083710156,0.732240856,-0.635282815,0.230720073
0.066572912,0.734053135,-0.646501243,0.196901381
0.049166895,0.734796762,-0.656801343,0.162075192
0.031572737,0.734412313,-0.666081667,0.126400456
0.013870597,0.732857347,-0.674254239,0.09005034
-0.003856569,0.730108082,-0.681245565,0.053215701
0.021503204,-0.726162016,0.686998725,-0.016101075
0.038991842,-0.721036851,0.691477299,0.021088591
0.056218296,-0.714772224,0.694665313,0.058141038
0.07309977,-0.707427144,0.696567297,0.094854474
0.089555301,-0.699078679,0.697208405,0.131032169
0.105510905,-0.689819694,0.696631551,0.166495085
0.120903358,-0.679755747,0.694896698,0.201079845
0.135681018,-0.669001758,0.692076147,0.234644294
0.149796605,-0.657679319,0.688254654,0.26706627
0.163220063,-0.645915389,0.683522105,0.298245043
0.175926387,-0.633838415,0.677973926,0.328100979
0.187900096,-0.621579468,0.671706796,0.356570691
0.19913128,-0.609272361,0.664816558,0.383605301
0.209613562,-0.597057939,0.657395661,0.409163803
0.219339609,-0.585090578,0.649533153,0.433204263
0.228294045,-0.573556066,0.641312003,0.455669075
0.236442834,-0.56270963,0.632808864,0.476451039
0.243693888,-0.552980125,0.624095082,0.495309651
0.249769762,-0.545361638,0.615234137,0.511549354
0.252791941,-0.545528293,0.606260955,0.52052182
0,0.849747837,-0.520683765,0.082566991
0.074793398,0.85044688,-0.47196427,0.219990596
0.117689043,0.840592742,-0.440586001,0.292296559
0.152406111,0.827571452,-0.413518429,0.347707361
0.182951167,0.81247443,-0.388464481,0.394347042
0.210895672,0.795674264,-0.364486486,0.435402334
0.237024486,0.777330279,-0.341094494,0.472474128
0.261777729,0.757517755,-0.31799978,0.50647372
0.285417438,0.736276567,-0.295020908,0.537955701
0.308100045,0.71363318,-0.272042543,0.567269802
0.329916149,0.689610481,-0.248993695,0.594638526
0.350911319,0.664236546,-0.225836411,0.620200872
0.371099591,0.637548149,-0.202557802,0.644040227
0.390474975,0.609593332,-0.179165468,0.666202009
0.409015149,0.580433905,-0.155684009,0.686706364
0.426688761,0.550146163,-0.132152364,0.705557764
0.443458438,0.518821418,-0.108621769,0.722751975
0.459285766,0.486564428,-0.085152753,0.738282263
0.474131733,0.453494191,-0.061813269,0.752144396
0.487962276,0.419740736,-0.038676541,0.764339447
0.500749111,0.385442734,-0.015818499,0.774876773
0.512470424,0.350746214,0.006684162,0.783777177
0.523113966,0.31580013,0.028756125,0.79107219
0.532676458,0.280754626,0.050325446,0.796806097
0.541164219,0.245757043,0.071325108,0.801035285
0.548593521,0.210950151,0.091694057,0.80382669
0.554989278,0.176468283,0.111379221,0.805257976
0.56038475,0.142436862,0.130335346,0.805415094
0.564820409,0.108969644,0.148525223,0.804390371
0.568342566,0.076168023,0.165920764,0.802281439
0.571002603,0.044120368,0.182501718,0.799188733
0.572855234,0.012901437,0.198255777,0.795213878
0.573957145,-0.017427001,0.213178217,0.790458441
0.57436651,-0.046815682,0.227270022,0.78502214
0.574141383,-0.075227618,0.240538672,0.779001653
0.573338807,-0.102636181,0.25299567,0.772490501
0.572015047,-0.129025415,0.264656931,0.765577018
0.570223272,-0.15438737,0.275541127,0.758345068
0.568014622,-0.178721949,0.285669327,0.750873387
0.565437615,-0.202035025,0.295063823,0.743235826
0.562537372,-0.224337697,0.303747922,0.735500872
0.559355557,-0.245645851,0.311744988,0.727732539
0.555931211,-0.265977532,0.319078177,0.719990015
0.552299857,-0.285353303,0.325769305,0.712329149
0.548493922,-0.303795189,0.331839442,0.704801798
0.544543147,-0.321325123,0.337307125,0.697457492
0.540473998,-0.337965757,0.342188984,0.690343261
0.536310196,-0.353737891,0.346499205,0.683505118
0.532074153,-0.368659884,0.350248545,0.676988184
0.527784824,-0.382749557,0.353443831,0.670837939
0.523458779,-0.396020085,0.356087983,0.665101767
0.519049048,-0.408772737,0.358474076,0.659537196
0.514496326,-0.421312809,0.360896885,0.653867304
0.509798706,-0.433655858,0.363358527,0.648088336
0.504953444,-0.445815682,0.365860581,0.642196596
0.499958694,-0.457804233,0.368404478,0.636187732
0.494811118,-0.469632357,0.370990664,0.630058348
0.489508927,-0.48130849,0.373619318,0.623804331
0.484049886,-0.492839932,0.376290232,0.617422163
0.478432298,-0.504232168,0.379002452,0.610908926
0.472654462,-0.515488803,0.381754279,0.604262114
0.466716826,-0.526611567,0.384543747,0.597479641
0.460619122,-0.537600398,0.387367815,0.590560734
0.454362422,-0.548453808,0.390223175,0.583505869
0.447949976,-0.559167683,0.393105477,0.576316237
0.441385835,-0.569736898,0.396009833,0.568994462
0.434674859,-0.580154002,0.398930699,0.56154561
0.427825242,-0.590409994,0.401861757,0.553975463
0.42084527,-0.600494444,0.404796183,0.546292782
0.413746268,-0.61039561,0.407726377,0.53850764
0.406541705,-0.620099843,0.410644561,0.530632794
0.39924702,-0.629593015,0.413542092,0.522683084
0.391879529,-0.638860166,0.416410267,0.51467526
0.384458572,-0.647885799,0.419240445,0.506629288
0.377006769,-0.656653523,0.422023177,0.498566389
0.369546682,-0.665148199,0.424750149,0.490510494
0.362103581,-0.673354506,0.427412271,0.482486814
0.354704767,-0.681257486,0.430001289,0.474522531
0.347377449,-0.688843906,0.432509482,0.466646075
0.340150863,-0.696101367,0.434929252,0.458886653
0.333053827,-0.703018844,0.437254131,0.451274276
0.326115251,-0.709587514,0.439478457,0.443839043
0.319364458,-0.715799749,0.441596985,0.436610937
0.312829435,-0.721650243,0.443605691,0.429619312
0.306537658,-0.727135003,0.445501029,0.42289269
0.300515413,-0.73225224,0.447280556,0.41645807
0.294787288,-0.737001836,0.448942184,0.410340935
0.289375752,-0.741384983,0.450485021,0.404565483
0.284301698,-0.74540478,0.45190835,0.399153024
0.279583365,-0.749065161,0.453212649,0.394122958
0.275237769,-0.752371132,0.454397857,0.389492601
0.271279007,-0.755328715,0.455464751,0.385276675
0.267718673,-0.757944584,0.45641467,0.381487221
0.264565915,-0.760225713,0.457248777,0.378134072
0.261829287,-0.762179255,0.457967997,0.375224739
0.259512872,-0.76381284,0.458573878,0.372764081
0.25761956,-0.765133917,0.459067762,0.370754629
0.256151646,-0.766149521,0.459450126,0.369197339
0.255107105,-0.766867042,0.459722638,0.368090302
0.254483908,-0.767292857,0.459885567,0.36743024
0.25427711,-0.767433345,0.459940046,0.36721164
0.254675359,-0.767133594,0.459764928,0.367780805
0.255879253,-0.766223133,0.459233612,0.369503021
0.257910937,-0.764674783,0.458329827,0.372408777
0.260798335,-0.762447655,0.457029611,0.376539499
0.264577955,-0.759485066,0.455299169,0.381947339
0.2692945,-0.755712271,0.453094661,0.388696283
0.274999857,-0.7510342,0.450359762,0.396861434
0.281753808,-0.745331466,0.447023779,0.406528771
0.289624482,-0.738455951,0.442999065,0.417794615
0.298682958,-0.730226696,0.43817839,0.430763602
0.309007645,-0.720421791,0.432429999,0.445545942
0.32067427,-0.708773732,0.425595134,0.462251574
0.333754957,-0.694960892,0.417482615,0.480983764
0.348306745,-0.678601146,0.407865375,0.501825511
0.364362895,-0.659246802,0.396476507,0.524823666
0.3819139,-0.63638401,0.383009285,0.549964786
0.400885493,-0.609440386,0.367122144,0.57714355
0.42111358,-0.577805698,0.348448932,0.606124878
0.442314178,-0.540871739,0.326624632,0.636500061
0.464052707,-0.498100609,0.301324368,0.667648554
0.485730767,-0.449120253,0.272320271,0.698711812
0.506592095,-0.393843889,0.239553556,0.728605211
0.525765359,-0.332594603,0.2032087,0.756080687
0.542354107,-0.26619482,0.163767502,0.779854178
0.555560768,-0.195981234,0.122019544,0.798783302
0.564817846,-0.123709321,0.079006247,0.812055945
0.569886148,-0.051355034,0.035903655,0.81933111
0.570885718,0.019140903,-0.006129931,0.820783496
0.568251073,0.08610972,-0.046095036,0.817038059
0.562629819,0.148311168,-0.083246283,0.809025109
0.554763794,0.204985514,-0.117123507,0.79780972
0.545384705,0.255813479,-0.147529319,0.784442544
0.535144746,0.300825059,-0.174475655,0.769858837
0.524580538,0.340291053,-0.198118806,0.754828572
0.514106512,0.374624878,-0.218701378,0.739946306
0.504025102,0.404304713,-0.236505732,0.725645602
0.494545072,0.429820597,-0.251822293,0.712225378
0.485800892,0.451641172,-0.264929026,0.699878871
0.477872044,0.470194578,-0.276080817,0.68871969
0.470797896,0.485861242,-0.285503775,0.678804815
0.464590192,0.498971164,-0.293394923,0.670151591
0.459243417,0.509806097,-0.299922168,0.662751794
0.454739749,0.518603683,-0.305227488,0.656580687
0.451055497,0.525561094,-0.309428811,0.651604414
0.448163003,0.530840456,-0.312622875,0.647784948
0.446034819,0.534571826,-0.31488809,0.645082593
0.444643259,0.536857545,-0.316285402,0.64345932
0.443961978,0.537776053,-0.316861659,0.642879069
0.443968028,0.537382305,-0.31665045,0.643308103
0.444638312,0.535712302,-0.315673023,0.64471668
0.445796937,0.533070743,-0.314112306,0.646864951
0.44727698,0.529742062,-0.312137872,0.649528027
0.449073792,0.52571398,-0.309742689,0.652699828
0.451182336,0.520971417,-0.306918025,0.656372428
0.453594476,0.515497863,-0.303653687,0.660536587
0.456302404,0.509273887,-0.2999385,0.665180624
0.459295392,0.502279639,-0.295760572,0.670289934
0.462561548,0.494493514,-0.291107386,0.675847292
0.466085941,0.485894501,-0.285966307,0.681831181
0.46985051,0.476462215,-0.280325383,0.688216627
0.473835349,0.466177166,-0.274173141,0.694973469
0.478017092,0.455023021,-0.267500222,0.7020666
0.482368171,0.442987502,-0.260299265,0.709455669
0.486857921,0.430063307,-0.252566218,0.717095077
0.491453081,0.416249335,-0.244300857,0.72493273
0.496116012,0.401553035,-0.235507786,0.732912183
0.500806689,0.385991037,-0.226197258,0.740971267
0.505482733,0.369590908,-0.216386199,0.749044001
0.510099769,0.352392107,-0.206098348,0.757061064
0.514612794,0.334447086,-0.195365369,0.764951825
0.518977702,0.31582132,-0.184226781,0.77264452
0.52315098,0.296593964,-0.172730133,0.780070126
0.527092695,0.276857138,-0.160930604,0.787162483
0.530766606,0.256714523,-0.148890495,0.793861628
0.534141719,0.236280337,-0.136678085,0.800114572
0.537193656,0.215676636,-0.124366522,0.805878162
0.539905012,0.195031136,-0.112032115,0.811119139
0.542265773,0.174474403,-0.099752896,0.815816164
0.544273615,0.154136747,-0.087606572,0.819959342
0.545934021,0.134145394,-0.075669155,0.823550403
0.54725939,0.11462184,-0.064013034,0.82660234
0.548267901,0.095679805,-0.052705906,0.829138041
0.548983753,0.077423155,-0.041809592,0.831188619
0.549435079,0.059944447,-0.031379189,0.832792401
0.549652696,0.043324411,-0.021462638,0.833993018
0.549669445,0.027631877,-0.012100716,0.834837377
0.549519479,0.012923284,-0.003326925,0.835374415
0.549236,-0.000756106,0.00483194,0.835653007
0.548851788,-0.013371601,0.012355495,0.835721374
0.548397541,-0.024898157,0.019228909,0.835625768
0.547902226,-0.035318993,0.025442412,0.835409105
0.547391832,-0.044624455,0.030990388,0.835111022
0.546889544,-0.052810714,0.035870761,0.834767103
0.546415806,-0.059878919,0.040084314,0.834408462
0.545987725,-0.065833703,0.043633945,0.83406204
0.545619726,-0.070682555,0.046524309,0.833749712
0.545323014,-0.074434847,0.048760813,0.833489478
0.545105875,-0.077100739,0.050350014,0.83329469
0.544973612,-0.078692287,0.051298548,0.833174586
0.544929326,-0.07922025,0.051613197,0.833134055
0.5449242,-0.07879176,0.051399149,0.833191276
0.544907928,-0.077496931,0.050751459,0.833362997
0.544878364,-0.075321145,0.049661484,0.83364743
0.544831336,-0.072249584,0.048120212,0.834040344
0.544761479,-0.068267114,0.046118449,0.834534466
0.544660926,-0.063358992,0.043646842,0.835119843
0.544520438,-0.057510912,0.040696211,0.835783362
0.54432857,-0.050709732,0.037257709,0.836508751
0.544071853,-0.04294401,0.033323061,0.837276101
0.543734908,-0.034204606,0.028885001,0.838062167
0.54330045,-0.024485456,0.023937583,0.83883971
0.542748809,-0.013784509,0.018476618,0.839578629
0.542059541,-0.002104496,0.012500154,0.840244472
0.54120934,0.010546033,0.006008956,0.840800226
0.540174901,0.024151789,-0.000992977,0.841205597
0.538931429,0.038689815,-0.00849791,0.841417789
0.537454307,0.054128546,-0.0164939,0.841392279
0.535718858,0.070427239,-0.024964366,0.841083944
0.533701718,0.08753524,-0.033887744,0.840447366
0.531381011,0.105392009,-0.043237362,0.839438736
0.528737664,0.123926759,-0.052981228,0.83801651
0.525755882,0.143059343,-0.063082352,0.836143255
0.522424161,0.1627004,-0.073498867,0.833786368
0.518735468,0.182753295,-0.084184676,0.830919921
0.514688432,0.203115001,-0.095090076,0.827525258
0.510287523,0.223678216,-0.106162794,0.823592365
0.505542457,0.244333431,-0.117348745,0.819119811
0.500469267,0.264971435,-0.12859343,0.814115703
0.495089859,0.285484672,-0.139842883,0.808596671
0.489430219,0.305770516,-0.15104492,0.802588344
0.483520806,0.325733006,-0.162149906,0.796123862
0.477396399,0.345283061,-0.17311205,0.789242983
0.471093535,0.364342004,-0.183889881,0.781991363
0.464650184,0.38284117,-0.194446757,0.774418056
0.458105505,0.400722504,-0.204751238,0.766575456
0.451498568,0.417938381,-0.21477738,0.75851655
0.44486627,0.434452772,-0.224504486,0.750295103
0.438244998,0.450238943,-0.233916953,0.741962969
0.43166855,0.465280056,-0.243004203,0.733570576
0.425167829,0.479567319,-0.251759678,0.725165248
0.41877073,0.493099898,-0.260181457,0.716790974
0.412503362,0.505882621,-0.268270105,0.708487749
0.406386465,0.517926812,-0.276029795,0.700292349
0.400440812,0.529246747,-0.283467144,0.692236602
0.394681782,0.5398615,-0.290590346,0.684348702
0.389123142,0.549791992,-0.297409564,0.676653147
0.383775711,0.559061229,-0.303935945,0.669170856
0.378648818,0.567693412,-0.310181379,0.661919117
0.373749346,0.575713038,-0.316158503,0.654912055
0.369081616,0.58314544,-0.321880192,0.648161471
0.364494383,0.590254366,-0.327548116,0.641448319
0.359829724,0.59728539,-0.333354712,0.634544969
0.355087221,0.604234278,-0.339298278,0.627447844
0.350264281,0.611096561,-0.345376223,0.620154262
0.345360518,0.617866755,-0.351585358,0.612661898
0.340375543,0.624538779,-0.357921422,0.604969561
0.33530885,0.631106019,-0.364379466,0.597077012
0.330161721,0.637561202,-0.370952874,0.588984787
0.324934721,0.643896461,-0.377634704,0.580695093
0.319631159,0.650103211,-0.384416252,0.572211564
0.314252973,0.656172633,-0.391287923,0.563539207
0.308805346,0.662095428,-0.398238242,0.554684997
0.303292274,0.667861819,-0.405255497,0.545657873
0.297720402,0.673462152,-0.41232565,0.536468863
0.292097658,0.678886652,-0.419433773,0.527131259
0.286431462,0.684125721,-0.426563889,0.517660439
0.280731976,0.689170122,-0.433698714,0.508074343
0.275011092,0.694010854,-0.44081983,0.498393267
0.269279093,0.698639989,-0.447908789,0.488639742
0.263550788,0.703050137,-0.454945266,0.478838503
0.257839769,0.707235694,-0.461909443,0.469016194
0.252161264,0.711191297,-0.468780905,0.459201783
0.246530667,0.714913905,-0.475539327,0.44942522
0.240965202,0.718401551,-0.48216489,0.439718157
0.235481635,0.721653819,-0.488638133,0.430112869
0.230096519,0.724672198,-0.494940579,0.420642197
0.224826351,0.72745961,-0.501054823,0.411338985
0.219688177,0.73002094,-0.506964326,0.402236044
0.214697883,0.732362151,-0.512654662,0.393364787
0.209871113,0.734490812,-0.518112302,0.384755939
0.205221459,0.736415803,-0.523326039,0.376438439
0.200764239,0.738146961,-0.528284907,0.368439972
0.196509853,0.739694774,-0.532981694,0.360785484
0.192470029,0.741070747,-0.537409306,0.353497714
0.188655287,0.742286563,-0.541562617,0.346597493
0.185072094,0.74335438,-0.54543829,0.340102375
0.181729093,0.74428606,-0.549033821,0.334028095
0.17863141,0.745093346,-0.552348256,0.32838732
0.17578347,0.745787561,-0.555381835,0.323190361
0.173188299,0.746380091,-0.558135509,0.318445206
0.170847312,0.746881247,-0.56061101,0.314157635
0.168761984,0.747300506,-0.562810898,0.310331047
0.166931227,0.747647166,-0.564737916,0.306967258
0.165355355,0.747928858,-0.566395581,0.304065794
0.164032146,0.74815309,-0.567787588,0.301625133
0.162957639,0.748326719,-0.568917572,0.299641341
0.162129775,0.748454511,-0.569789529,0.298110068
0.16154322,0.748541594,-0.570407808,0.297025561
0.161195815,0.748591781,-0.570775807,0.296380341
0.161080569,0.748607993,-0.570897698,0.296167314
0.161571801,0.748464286,-0.570669472,0.296702236
0.163054958,0.748027265,-0.569978118,0.298317552
0.165546224,0.747282326,-0.568808854,0.301031768
0.169065505,0.746208251,-0.567139506,0.304865688
0.173635259,0.744775176,-0.564941466,0.30984202
0.179280743,0.742944896,-0.562178671,0.315984964
0.186027646,0.740670562,-0.558807433,0.323319256
0.193903789,0.737894714,-0.554775298,0.331869304
0.202933997,0.734549582,-0.550022602,0.341657519
0.213143572,0.730556369,-0.544479668,0.352702528
0.224553183,0.72582376,-0.538069129,0.365017056
0.237177089,0.72024858,-0.530704439,0.378605038
0.251018494,0.713716209,-0.522292495,0.393458366
0.266071349,0.706099808,-0.512733102,0.40955326
0.282310009,0.697263837,-0.501922727,0.426846296
0.299689949,0.687065482,-0.489756703,0.445270121
0.318143249,0.675358653,-0.476133138,0.464728862
0.337570906,0.662000835,-0.460959584,0.485094965
0.357843786,0.646858811,-0.444158465,0.506206274
0.378799587,0.629817843,-0.425674498,0.527865112
0.400241256,0.610791922,-0.405483097,0.549839735
0.421942741,0.589732528,-0.383597225,0.571868122
0.443650693,0.56663996,-0.360074729,0.593666077
0.465096653,0.541569352,-0.335021526,0.614937723
0.486005634,0.514636099,-0.308593661,0.635388196
0.506110013,0.486016273,-0.280994296,0.654738963
0.525162697,0.455941498,-0.252466887,0.672742188
0.542949796,0.424690068,-0.223285079,0.689193547
0.559300363,0.392573744,-0.193739638,0.703941822
0.574092686,0.359921396,-0.164123893,0.716894329
0.587257326,0.327063084,-0.134720623,0.728017151
0.598774314,0.294314474,-0.105789475,0.737331033
0.608668745,0.261963695,-0.077557802,0.74490416
0.617003441,0.230262756,-0.050214835,0.750842392
0.623869896,0.199420989,-0.023909371,0.755278766
0.629379511,0.169604242,0.001249806,0.75836283
0.633655608,0.140934706,0.025191583,0.760252237
0.63682586,0.113495804,0.047877509,0.761103988
0.639017105,0.087334923,0.069297522,0.761070192
0.640351236,0.062470559,0.089464307,0.760291934
0.64094162,0.038896397,0.108408228,0.75889957
0.640892029,0.016587676,0.126172632,0.757009089
0.640296102,-0.004495121,0.142810121,0.754722595
0.639236093,-0.024401501,0.158379003,0.752128899
0.637784302,-0.043187898,0.172940865,0.749304652
0.636002719,-0.060915306,0.186558649,0.746314824
0.633945048,-0.077646092,0.199294046,0.743213773
0.63165617,-0.093443379,0.211207837,0.740047395
0.629174113,-0.108369417,0.222358212,0.736853421
0.626530468,-0.12248452,0.232800484,0.733662784
0.623713672,-0.136270061,0.242854342,0.730365396
0.620691776,-0.150167137,0.252803892,0.726829946
0.617460489,-0.164173618,0.262648195,0.723052919
0.614015579,-0.178286597,0.272385865,0.71903044
0.610352695,-0.192501798,0.282014638,0.714758992
0.60646826,-0.206813499,0.291531801,0.71023494
0.602358103,-0.22121498,0.300934017,0.705455482
0.598018706,-0.235697746,0.31021741,0.700418055
0.593447387,-0.250251859,0.319377333,0.695120454
0.588641405,-0.264865637,0.32840845,0.689561725
0.583599031,-0.279525787,0.337305278,0.683741629
0.57831943,-0.294217169,0.346061409,0.677661061
0.572802663,-0.308922797,0.354670018,0.671321809
0.567050159,-0.323624074,0.363124043,0.664727449
0.561064005,-0.338300616,0.371416003,0.657883048
0.554848373,-0.352930486,0.379538357,0.650794983
0.54840821,-0.367490292,0.387483299,0.643471837
0.541750848,-0.381955266,0.395243257,0.635923862
0.534884334,-0.39629969,0.402810812,0.62816298
0.527819097,-0.410497069,0.410178989,0.620203614
0.520567358,-0.424519956,0.417341232,0.612061143
0.513141513,-0.438341737,0.42429173,0.603753984
0.505557537,-0.451935083,0.431025535,0.595301032
0.497831196,-0.465273529,0.437538713,0.586723685
0.489980191,-0.478331506,0.443828255,0.578043938
0.482023418,-0.491084933,0.449892431,0.569285452
0.473979771,-0.503511071,0.455730706,0.560472429
0.465870053,-0.51558888,0.461344004,0.551629424
0.457713753,-0.527299702,0.46673438,0.542781889
0.449532241,-0.538627148,0.471904963,0.533954322
0.441345185,-0.549557269,0.476860464,0.525171757
0.433172852,-0.560078323,0.481606483,0.516457975
0.425034642,-0.570181012,0.486149788,0.507836223
0.416948646,-0.579859018,0.490497947,0.499328703
0.408932716,-0.589107871,0.494659513,0.490956187
0.401003242,-0.597925544,0.498643517,0.482738167
0.39317596,-0.606311679,0.502459705,0.474692613
0.38546446,-0.614268482,0.506118,0.466836214
0.377881467,-0.62179929,0.509628713,0.459183872
0.370438308,-0.628909111,0.513002694,0.451748848
0.363145798,-0.635603964,0.516250134,0.444543272
0.356012017,-0.641891122,0.519381762,0.437577337
0.349045515,-0.647778511,0.522407711,0.430860132
0.342252463,-0.653274834,0.525338471,0.424399465
0.335638046,-0.658389211,0.528183877,0.418201834
0.329207361,-0.66313076,0.530953407,0.412272483
0.32296437,-0.667509079,0.533656478,0.406615973
0.316911161,-0.671533585,0.536301792,0.401235908
0.311049998,-0.675213933,0.538898289,0.396134734
0.30538258,-0.678558707,0.541453958,0.391314656
0.300082594,-0.681411445,0.543868423,0.387086689
0.295311481,-0.683623075,0.546054482,0.383764595
0.291056097,-0.685205102,0.548035085,0.381363422
0.287307441,-0.686155736,0.549828947,0.379911631
0.284066141,-0.686458647,0.55144906,0.37945345
0.281335741,-0.686082065,0.552904367,0.3800506
0.279131204,-0.684974551,0.554197252,0.381786883
0.27747196,-0.683062255,0.555324793,0.384772271
0.276391119,-0.680241823,0.556275427,0.389148831
0.275932699,-0.676371574,0.557026565,0.395100147
0.276155174,-0.671259224,0.557540774,0.402861953
0.277135789,-0.664641678,0.55775851,0.412738144
0.278975278,-0.65615648,0.557586849,0.425121784
0.281802088,-0.645297647,0.556881011,0.440524846
0.285779238,-0.631345987,0.555414259,0.45961678
0.291108668,-0.613258123,0.552824199,0.483276039
0.29803291,-0.589486003,0.54851681,0.51265204
0.306814045,-0.557677209,0.541496396,0.549220204
0.31766203,-0.514184475,0.530046403,0.594773948
0.330525726,-0.453294635,0.5111444,0.651159108
0.344533473,-0.366235912,0.479463309,0.719223917
0.356719762,-0.240819916,0.426081568,0.79574579
0.359942943,-0.065296486,0.338683754,0.866874218
0.342655241,0.156813726,0.20906812,0.902378798
0.29754734,0.388097823,0.050303217,0.870813012
0.233812839,0.575783193,-0.102266967,0.776754022
0.169627756,0.698849261,-0.22196652,0.658458054
0.115769967,0.770134151,-0.306057185,0.54755795
0.073983751,0.809408903,-0.363215536,0.455475628
0.042289216,0.830749571,-0.402399808,0.382284462
0.01819481,0.842270672,-0.429935992,0.324660122
-0.000328522,0.848379731,-0.449848711,0.279084146
0.014772461,-0.851460814,0.464646786,-0.242692307
0.0261993,-0.852826536,0.475917548,-0.21331434
0.035347287,-0.853217185,0.484679401,-0.189359546
0.042750683,-0.853058696,0.491612881,-0.169646829
0.048790526,-0.852602601,0.497177392,-0.153306738
0.053754803,-0.851998508,0.501694739,-0.13968347
0.057851888,-0.851336718,0.505393803,-0.128281489
0.061242346,-0.850672245,0.508440375,-0.118720859
0.064050026,-0.850037754,0.510957778,-0.110705249
0.066367984,-0.849453211,0.513037503,-0.104005605
0.068272308,-0.848929524,0.514749944,-0.098438516
0.069819905,-0.84847331,0.516147137,-0.093863726
0.071057953,-0.848087072,0.517270863,-0.090166964
0.07202217,-0.847772002,0.518151999,-0.08725825
0.072741196,-0.847528338,0.518813848,-0.085069239
0.073235683,-0.847355425,0.519273758,-0.083547428
0.073523939,-0.84725225,0.519544363,-0.082652539
0.073619522,-0.847217977,0.519633651,-0.082358129
0.07322856,-0.84721905,0.519614518,-0.082814999
0.072045632,-0.847220838,0.519555151,-0.084195256
0.070070162,-0.847216845,0.519452393,-0.086505398
0.067281827,-0.847197831,0.519299924,-0.089759082
0.063673705,-0.847149849,0.519089043,-0.093964949
0.059234291,-0.847054601,0.518808782,-0.099132612
0.053952716,-0.846889615,0.518445373,-0.10526894
0.047819935,-0.846627772,0.517982125,-0.112380035
0.040832065,-0.846237123,0.517400801,-0.120465651
0.032975715,-0.845682383,0.516678214,-0.129528925
0.024265489,-0.844922304,0.515792966,-0.139553115
0.01468888,-0.843913615,0.5147174,-0.150533125
-0.00427024,0.842608929,-0.513424218,0.162442476
0.006980943,0.840958655,-0.511885583,0.175251305
0.019037992,0.83891207,-0.510071933,0.188920021
0.031858794,0.836418331,-0.50795728,0.203393579
0.045406755,0.833429337,-0.505512476,0.218611583
0.059618421,0.829899609,-0.502715945,0.234497413
0.074430048,0.825790524,-0.499546319,0.250965267
0.089760944,0.821070492,-0.495991319,0.267915785
0.105523132,0.815719008,-0.492041916,0.285240531
0.121617436,0.809726238,-0.487699211,0.302823633
0.137940496,0.803096414,-0.482970893,0.320542723
0.154381275,0.79584825,-0.47787419,0.338272631
0.170825616,0.788014352,-0.472436219,0.355887592
0.187163517,0.779642224,-0.466690779,0.373266131
0.203282952,0.770792782,-0.460681051,0.390291691
0.219081864,0.761537969,-0.454456151,0.406857282
0.234462753,0.751959741,-0.448070973,0.422866762
0.249340102,0.742146909,-0.441583544,0.438236982
0.263638437,0.732192218,-0.435054272,0.452898651
0.277294546,0.72219032,-0.428543687,0.466796696
0.290257215,0.712234914,-0.422111124,0.479889959
0.302487522,0.702415943,-0.415813237,0.492150933
0.313957334,0.692818522,-0.409703046,0.503563941
0.324649304,0.68352139,-0.403829157,0.514123797
0.334554821,0.674595475,-0.398234963,0.523834884
0.343672484,0.666103899,-0.392959177,0.532708108
0.352007449,0.658101618,-0.388034463,0.540760815
0.359570265,0.650635123,-0.383488894,0.548014045
0.366374582,0.643743396,-0.379345536,0.554491758
0.372436702,0.637458324,-0.375622869,0.560219049
0.377774149,0.631804764,-0.372335702,0.565221786
0.382405072,0.626802385,-0.369494766,0.569525123
0.386348516,0.622464716,-0.367107868,0.573153079
0.389621615,0.618801415,-0.365180284,0.576127708
0.39223963,0.615818858,-0.363715142,0.578469157
0.394218147,0.613518596,-0.362713218,0.580194831
0.395569712,0.611900628,-0.362174213,0.581319392
0.396304995,0.610962033,-0.362095982,0.581854284
0.396728694,0.610364258,-0.362423688,0.581988811
0.397139907,0.609772265,-0.363106608,0.58190316
0.397539556,0.609186411,-0.364147604,0.581593215
0.397925675,0.60860759,-0.365549266,0.581055701
0.39829874,0.608035624,-0.367312223,0.580286682
0.398657769,0.60747081,-0.369436204,0.579282522
0.39900136,0.606912553,-0.371919602,0.578040659
0.399328798,0.606360614,-0.374758959,0.576557934
0.399639219,0.605814099,-0.377949238,0.57483232
0.399930596,0.605272174,-0.381483674,0.572862387
0.40020144,0.604733944,-0.385353506,0.570647299
0.400451273,0.604197621,-0.389547676,0.568187177
0.400677621,0.603662491,-0.39405337,0.565483093
0.400879592,0.603126884,-0.39885509,0.562537313
0.401055157,0.602589667,-0.40393579,0.55935359
0.401203543,0.602049589,-0.409275383,0.555936813
0.401323557,0.601505518,-0.414852202,0.552293599
0.401414871,0.60095638,-0.420642376,0.548431933
0.401476085,0.600402057,-0.426620007,0.544361711
0.401507735,0.599842012,-0.432757825,0.540094256
0.401509553,0.599276602,-0.439026803,0.535642862
0.401482075,0.598706484,-0.445396781,0.531022072
0.401426971,0.59813273,-0.451836914,0.526248157
0.401345581,0.597556949,-0.458316177,0.521338522
0.401239693,0.596981287,-0.46480304,0.516312063
0.401111603,0.596408725,-0.471266657,0.511188686
0.400965452,0.595842063,-0.477676362,0.505988419
0.400803059,0.595285296,-0.484003305,0.500732601
0.400629431,0.594742,-0.490219235,0.495442271
0.400447488,0.594217002,-0.496298403,0.490138739
0.4002617,0.593714774,-0.502216041,0.484842777
0.400077134,0.593239903,-0.507949769,0.479574472
0.399897724,0.592797458,-0.513479829,0.47435379
0.399727613,0.592392445,-0.518788218,0.469199151
0.399572283,0.592029452,-0.523859024,0.464128166
0.39943558,0.591713309,-0.528678894,0.45915702
0.399321854,0.591448724,-0.533236623,0.454300821
0.399235189,0.59123981,-0.537522912,0.449573219
0.39917931,0.59109062,-0.541530132,0.444986403
0.399157822,0.591005147,-0.54525286,0.440551341
0.399174303,0.590986311,-0.548686743,0.436277419
0.399231553,0.591037393,-0.551829159,0.432173073
0.399332106,0.591161311,-0.554678679,0.428245127
0.399478793,0.591359913,-0.557234585,0.424499482
0.399673909,0.591635346,-0.559497535,0.420940727
0.399918407,0.591989279,-0.561468601,0.417572737
0.400214821,0.592422962,-0.563149452,0.414398223
0.400563955,0.592937231,-0.564542472,0.411419272
0.400966823,0.59353292,-0.565650046,0.408637106
0.401424676,0.594210207,-0.566475034,0.406052291
0.401712984,0.595073581,-0.5671615,0.403536797
0.401604056,0.596229017,-0.56785059,0.400962532
0.401092798,0.597678363,-0.568540633,0.398329914
0.400174141,0.599422634,-0.569229841,0.395639539
0.398843855,0.601461291,-0.569915891,0.392891735
0.397098064,0.603792429,-0.570596039,0.390087306
0.394936025,0.606412411,-0.571266234,0.387226582
0.3923558,0.609316349,-0.571922958,0.384310693
0.389358282,0.612497211,-0.572561562,0.381340563
0.385945886,0.615946174,-0.573177099,0.378317595
0.382122338,0.61965239,-0.573764503,0.375243634
0.377895445,0.623602867,-0.574317753,0.37212047
0.37327224,0.62778306,-0.574831665,0.368950963
0.36826539,0.632175744,-0.575299919,0.365738392
0.362888843,0.636762083,-0.575716615,0.362486333
0.357159913,0.641520798,-0.576076031,0.359199405
0.351099133,0.646429777,-0.576372743,0.355882764
0.344729722,0.651464462,-0.576601565,0.35254249
0.338078082,0.656599522,-0.576758265,0.349185258
0.331174016,0.661808252,-0.576838911,0.345818579
0.324049294,0.667063534,-0.576841116,0.342450798
0.316739857,0.67233789,-0.576762676,0.339090824
0.309281707,0.677603722,-0.576603174,0.335748196
0.301713973,0.682834268,-0.576362967,0.332433134
0.294077992,0.688003242,-0.576043546,0.329156071
0.286413372,0.693085611,-0.575648367,0.325927645
0.278762996,0.698058069,-0.575180709,0.322758943
0.271166623,0.702899098,-0.574646354,0.319660813
0.263666153,0.707588971,-0.574051142,0.316643864
0.256300211,0.7121104,-0.573401868,0.313718438
0.249106035,0.716448247,-0.572706461,0.310894549
0.242118835,0.720589578,-0.571973145,0.308181465
0.235372961,0.724523842,-0.571210206,0.305587769
0.228897095,0.728242576,-0.570426524,0.303121209
0.222719476,0.731739521,-0.569630921,0.300788909
0.216864914,0.735010028,-0.568831921,0.298597008
0.211355686,0.738051355,-0.568037629,0.296550721
0.206208274,0.74086237,-0.567256689,0.294654191
0.201441437,0.743442655,-0.566495717,0.292911351
0.197065994,0.745793521,-0.565762699,0.291324288
0.193093657,0.747916698,-0.565063,0.289895147
0.189534366,0.749814689,-0.564402521,0.288625121
0.18639192,0.751490831,-0.563786387,0.287514478
0.183670416,0.752948284,-0.56321919,0.28656289
0.181375265,0.754190385,-0.562703848,0.28576982
0.179505289,0.75522083,-0.56224376,0.285133928
0.178060278,0.756043375,-0.561841249,0.284653097
0.177039474,0.756661057,-0.561498106,0.284325719
0.176439926,0.757077277,-0.561214983,0.284149051
0.176260352,0.757294953,-0.560992062,0.284120977
0.176746234,0.757199824,-0.560661614,0.284724355
0.178157389,0.756668568,-0.560049295,0.286456615
0.180510297,0.755685329,-0.559141755,0.289337754
0.183823526,0.754225194,-0.557920754,0.293389946
0.188116819,0.752256155,-0.556361914,0.298637211
0.193414003,0.749736488,-0.554433346,0.305106342
0.199737921,0.74661541,-0.55209744,0.312823713
0.207113579,0.742831826,-0.549308062,0.321816057
0.215562895,0.738314033,-0.546012223,0.332107961
0.225107804,0.732979357,-0.542147458,0.343720853
0.235764399,0.726733387,-0.537643552,0.356669843
0.247543573,0.719470143,-0.532421172,0.370961726
0.260447413,0.711073279,-0.526392639,0.386591405
0.274464905,0.701416314,-0.519462883,0.403537661
0.289571255,0.690364778,-0.511530578,0.421759933
0.305721074,0.67778039,-0.502490819,0.441193074
0.32284686,0.663524687,-0.492237508,0.461743593
0.340855479,0.647464752,-0.480668932,0.483285159
0.359622955,0.629481733,-0.467692256,0.505656123
0.3789967,0.609478831,-0.453230202,0.528658271
0.39879337,0.587391198,-0.437228411,0.552056909
0.418801188,0.563195407,-0.419662893,0.575586259
0.438786119,0.536919355,-0.400546312,0.598954856
0.458499342,0.508648038,-0.379933536,0.621857047
0.47768712,0.478527158,-0.357924402,0.643985152
0.496102542,0.446763366,-0.334663689,0.665045142
0.513518751,0.413616925,-0.310336709,0.684770584
0.529739022,0.379392654,-0.28516221,0.702936947
0.544605732,0.344425321,-0.259382457,0.719372392
0.558008611,0.309063166,-0.23325038,0.733962297
0.569884062,0.273650944,-0.207018092,0.74665308
0.580215275,0.238515198,-0.180925265,0.757447541
0.589026988,0.203950673,-0.155189365,0.766399145
0.596379161,0.170212016,-0.129998699,0.773602068
0.602358818,0.137508199,-0.105509035,0.779181182
0.607071161,0.106001824,-0.081842139,0.783281624
0.610632777,0.07581,-0.059086442,0.78605932
0.613165021,0.047008667,-0.037300073,0.787672281
0.614787757,0.0196373,-0.016514499,0.788275123
0.615616202,-0.006294329,0.00326158,0.788014233
0.615757883,-0.030801924,0.0220377,0.787024677
0.615311503,-0.053919304,0.039837562,0.785428107
0.614365101,-0.075694874,0.056695938,0.78333354
0.612996817,-0.096186735,0.072655015,0.780835629
0.611275017,-0.115459502,0.087761983,0.778016627
0.609258294,-0.1335814,0.102067292,0.774946928
0.606997132,-0.150621459,0.115622379,0.771685958
0.60453409,-0.166649103,0.12847884,0.768283665
0.60190475,-0.181731865,0.140687868,0.764781773
0.599138737,-0.195935175,0.152298883,0.761214316
0.596092463,-0.209815934,0.163760588,0.757518053
0.59259069,-0.223907515,0.17550464,0.753591359
0.588609755,-0.238235325,0.187552571,0.749404132
0.584122479,-0.252822518,0.199924126,0.744924188
0.579098701,-0.267689407,0.212637201,0.740116537
0.573506355,-0.282852799,0.225707024,0.734942973
0.567310393,-0.298325688,0.239145756,0.729362786
0.560473502,-0.314116299,0.252961844,0.72333312
0.552957594,-0.330227613,0.267159253,0.716807902
0.544723034,-0.346656293,0.281736463,0.709739923
0.535730183,-0.363391876,0.296685994,0.702080548
0.525940776,-0.380415499,0.311992735,0.693780124
0.515318453,-0.397699803,0.327634126,0.684790313
0.503831029,-0.415207058,0.343577802,0.675064266
0.491451144,-0.432889581,0.359782666,0.664559245
0.478160262,-0.450688183,0.376196653,0.653237283
0.463948399,-0.468533814,0.392757773,0.641068876
0.448817849,-0.486346126,0.409393698,0.628034115
0.432784766,-0.50403595,0.426022679,0.614125311
0.415881306,-0.521505892,0.442554742,0.599349499
0.39815563,-0.538653433,0.458893687,0.5837304
0.37967512,-0.555372953,0.474939197,0.567309797
0.360525072,-0.57155937,0.490589976,0.550148308
0.340807408,-0.587111473,0.505746782,0.532325804
0.320641249,-0.601935685,0.520315647,0.513939977
0.30015713,-0.615949571,0.534211814,0.495105594
0.279497117,-0.629084647,0.547361672,0.475950658
0.258809566,-0.641288459,0.559705734,0.456613809
0.238243818,-0.652527034,0.571200252,0.437239885
0.217949808,-0.662783623,0.581817389,0.41797635
0.19806847,-0.672060728,0.591546535,0.398968726
0.178732544,-0.68037653,0.600392461,0.380356878
0.1600651,-0.687764227,0.608373404,0.362272382
0.142174706,-0.694269717,0.61552006,0.344834834
0.12515305,-0.699948013,0.621873081,0.328151435
0.109080896,-0.704861224,0.627480328,0.312314957
0.094018489,-0.709075749,0.632394552,0.297404289
0.080017403,-0.712659657,0.636671484,0.283483416
0.067115635,-0.715680718,0.640366971,0.27060464
0.055336025,-0.718204737,0.643536806,0.258805573
0.044697911,-0.720293403,0.646234095,0.248115376
0.03520241,-0.722004533,0.648508251,0.238552421
0.026858881,-0.723389924,0.650404096,0.230130866
0.019666145,-0.724497259,0.651962399,0.222849876
0.013611095,-0.725364447,0.653219759,0.21671401
-0.008674201,0.726026535,-0.654207289,-0.211714789
-0.004860825,0.726512134,-0.654947639,-0.207846463
-0.002152259,0.726842582,-0.65546155,-0.205098629
-0.000535997,0.727033913,-0.655763507,-0.203459293
0,0.727096438,-0.655862868,-0.202915862
0.397048563,0.699500561,-0.41273132,0.427439243
0.397758871,0.698692203,-0.412510604,0.428313047
0.399957836,0.696172178,-0.411829352,0.431015998
0.403802335,0.691705525,-0.410631537,0.435739607
0.409536898,0.684903145,-0.408814877,0.442784131
0.41751501,0.675158441,-0.406211048,0.452586889
0.428232729,0.661540508,-0.402547568,0.465764314
0.442369819,0.642608464,-0.397380918,0.483168513
0.460834056,0.616089404,-0.389971673,0.505952597
0.484773427,0.578309536,-0.379045576,0.535609186
0.515435457,0.523197412,-0.36233753,0.573848605
0.553484917,0.440684199,-0.335743576,0.62187475
0.596724629,0.314985693,-0.292027682,0.677807987
0.634410679,0.12685062,-0.220375717,0.729977131
0.640790522,-0.127576098,-0.112853713,0.748582602
0.589310229,-0.401815146,0.017122081,0.700688839
0.491735518,-0.619909644,0.133991212,0.596619368
0.388217539,-0.755188525,0.216287389,0.481868476
0.302912146,-0.829545081,0.26739794,0.385483712
0.239514366,-0.869491279,0.297808617,0.312934399
0.194270059,-0.891505897,0.315547794,0.26058808
0.162737057,-0.904208124,0.325422972,0.223661199
0.141468704,-0.911951482,0.330143332,0.198334336
0.128073037,-0.916949987,0.331219733,0.181916177
0.120960854,-0.920336664,0.329483747,0.172596425
0.117592663,-0.922384679,0.326250345,0.170115113
0.116081133,-0.923027515,0.322547048,0.174667791
0.116259478,-0.922302783,0.318407774,0.185628608
0.117951334,-0.9201352,0.313833296,0.202354774
0.120967932,-0.916381598,0.308807164,0.224164516
0.125108048,-0.910874069,0.303312629,0.250315666
0.130158275,-0.903464317,0.297346175,0.279993534
0.135890871,-0.894065738,0.290931106,0.312312633
0.142076254,-0.882688165,0.284124404,0.34633708
0.14848578,-0.869460166,0.277023077,0.381115973
0.154908434,-0.854634345,0.269758165,0.415733218
0.161157653,-0.838573873,0.262489527,0.449356616
0.167081758,-0.821721792,0.255390853,0.481282324
0.172565952,-0.804561198,0.248638436,0.510961175
0.177536339,-0.787573576,0.242394581,0.538008988
0.181949556,-0.771204293,0.236801311,0.562195241
0.185795233,-0.755835772,0.231971845,0.583422244
0.189080432,-0.74177742,0.227991864,0.601693153
0.191824615,-0.729262829,0.224920437,0.617081761
0.194056615,-0.718456089,0.222794428,0.629702806
0.19580546,-0.709462225,0.221633494,0.639689147
0.197099745,-0.702339232,0.221445233,0.647173345
0.197962552,-0.697111249,0.222230002,0.652273476
0.198412016,-0.693776727,0.22398378,0.65508616
0.198459491,-0.692318201,0.226701707,0.655679524
0.198103726,-0.693348825,0.230687127,0.653303742
0.197321117,-0.697523713,0.23629798,0.647061348
0.19606401,-0.704876482,0.243619487,0.636677086
0.194257632,-0.715419888,0.252741188,0.621739686
0.191795602,-0.729115725,0.263742149,0.601701677
0.188538074,-0.745828629,0.276671112,0.575887382
0.18431139,-0.76526624,0.291515142,0.543521762
0.178912088,-0.786905169,0.308157384,0.503795505
0.172122061,-0.809915543,0.32632941,0.455982387
0.163741082,-0.833112121,0.345564634,0.399622411
0.153629884,-0.854971886,0.365179658,0.334760875
0.141774282,-0.873764753,0.384302169,0.262196779
0.128339216,-0.887817204,0.401977509,0.183640748
0.113695607,-0.895861447,0.417335272,0.101670295
0.098395213,-0.897349298,0.429773599,0.019425649
0.083086163,-0.892588437,0.439085186,-0.059889268
0.068407185,-0.882638633,0.445469409,-0.133516639
0.054894414,-0.869022548,0.449439079,-0.199476466
0.042934842,-0.853391171,0.451673955,-0.256652921
0.032755274,-0.837259352,0.452880472,-0.304669052
0.024468767,-0.821862042,0.453702033,-0.343654692
0.018088205,-0.808117926,0.454668403,-0.374025285
0.013596035,-0.79666096,0.456190079,-0.396278977
0.010952851,-0.787890851,0.458571911,-0.41087687
0.010141396,-0.782037675,0.462031424,-0.418140262
0.013195781,-0.779270113,0.466256589,-0.418531746
0.022429287,-0.779713452,0.470832348,-0.412141681
0.038262777,-0.783282876,0.475653261,-0.398444623
0.061165504,-0.789645374,0.480432957,-0.376700193
0.09160509,-0.798125446,0.48465991,-0.345990032
0.129893512,-0.807591259,0.487543285,-0.305328906
0.175975546,-0.816356122,0.48798871,-0.253894418
0.22914058,-0.822177172,0.484652251,-0.191393763
0.287758261,-0.822462738,0.476131707,-0.118528254
0.349195957,-0.814769924,0.461318165,-0.037388436
0.410103649,-0.797510028,0.439818025,0.048506245
0.467084467,-0.770549417,0.412231028,0.134727463
0.517490149,-0.735322833,0.380076408,0.216901541
0.559932649,-0.694356382,0.34537226,0.291654944
0.594303012,-0.65048039,0.31010136,0.357094347
0.621406198,-0.606159151,0.275825113,0.412730008
0.642496169,-0.563156784,0.243544966,0.459063202
0.658906758,-0.522513092,0.213754043,0.497122854
0.671844721,-0.484683037,0.18657048,0.528108537
0.682309687,-0.449716985,0.16187492,0.55317682
0.691090703,-0.417418063,0.139418274,0.57333982
0.698796153,-0.387451261,0.118891984,0.58943218
0.705894589,-0.35941413,0.099969082,0.602113366
0.712751269,-0.33287397,0.082325064,0.611884952
0.719659746,-0.307383716,0.065644659,0.619108975
0.726640821,-0.280703723,0.04854925,0.625173211
0.733461559,-0.250429064,0.029603111,0.631223559
0.739923179,-0.215749443,0.00836625,0.637099624
0.745684803,-0.175704613,-0.015663296,0.642523825
0.750196815,-0.129184276,-0.043039847,0.647042274
0.752610981,-0.074969016,-0.074335091,0.64994669
0.751673996,-0.01184717,-0.110057332,0.650179446
0.745635748,0.061135855,-0.150499672,0.646250427
0.732249558,0.144244984,-0.19549793,0.636226833
0.708996475,0.236449182,-0.244125426,0.617914677
0.673681021,0.334826738,-0.294448435,0.589359939
0.62538141,0.434417009,-0.343583912,0.549663544
0.565357029,0.528996587,-0.388268501,0.499781579
0.497226357,0.612743378,-0.425815254,0.442710876
0.426056594,0.681930363,-0.45492506,0.382740051
0.356861621,0.735616922,-0.475848168,0.324169666
0.293429464,0.775128782,-0.489917189,0.270288348
0.237939626,0.80297029,-0.498882592,0.223024309
0.19121635,0.821865559,-0.504413486,0.183140352
0.153200492,0.834213674,-0.507865489,0.150631711
0.123383634,0.841893435,-0.510237932,0.125097141
0.101104312,0.846269131,-0.512222946,0.105991729
0.085721433,0.848271132,-0.514275908,0.092780761
0.076699868,0.848486781,-0.51668185,0.085013248
0.073643506,0.84723562,-0.51960218,0.082352497
0.075060219,0.844591022,-0.523178041,0.085537672
0.07967221,0.840425611,-0.527456522,0.095534496
0.087510757,0.834476948,-0.532306969,0.112424679
0.098565012,0.826337278,-0.537488759,0.136225954
0.11276114,0.815472424,-0.542640448,0.166826278
0.129914299,0.801269114,-0.547282577,0.203892007
0.149692357,0.783114076,-0.550840437,0.246778294
0.171579599,0.760514677,-0.552699685,0.294450551
0.194878891,0.73324126,-0.552293718,0.345472455
0.218754426,0.70146054,-0.549211025,0.398079038
0.242313355,0.66580677,-0.543296039,0.450349957
0.26471895,0.627351642,-0.534701765,0.50044769
0.285300255,0.587466121,-0.523870945,0.546851635
0.303614885,0.547617555,-0.511453867,0.588513315
0.319462627,0.509168029,-0.49818942,0.624899089
0.332849115,0.47323066,-0.484793335,0.655926526
0.343925834,0.440607011,-0.471879661,0.681843162
0.352924079,0.411794722,-0.459924102,0.703092873
0.360105395,0.387038499,-0.449262649,0.720200241
0.365723372,0.366397977,-0.440109134,0.733691335
0.370003462,0.349813432,-0.432583839,0.744042456
0.373133153,0.337160408,-0.426740408,0.751656234
0.375259429,0.32828936,-0.422589809,0.756851614
0.376488358,0.32305485,-0.420118451,0.759863675
0.376888514,0.321332544,-0.419301033,0.760846257
0.376371592,0.322613508,-0.419908792,0.76022464
0.374797612,0.326502293,-0.421735883,0.758328438
0.372114688,0.33307603,-0.424781591,0.755083859
0.368251175,0.342417717,-0.429032445,0.75038147
0.363117516,0.354604274,-0.434454769,0.744076967
0.356608719,0.369693846,-0.440984905,0.735995352
0.348612964,0.387703925,-0.448518872,0.725937724
0.33902055,0.408589363,-0.456900924,0.713695586
0.327740848,0.432213783,-0.465913683,0.699072003
0.314723909,0.458323777,-0.475272685,0.681912184
0.299980819,0.486530632,-0.484629691,0.662143052
0.283613861,0.516303062,-0.493586808,0.639817476
0.265831262,0.546984315,-0.501724362,0.615154266
0.246963844,0.577829301,-0.50863868,0.58856523
0.227448553,0.608068585,-0.513986826,0.560657918
0.20781377,0.636976779,-0.517522514,0.532207191
0.188631833,0.66393882,-0.519121885,0.504099131
0.170474455,0.688496411,-0.518784225,0.477256984
0.153871983,0.710362613,-0.516614616,0.452567965
0.139276251,0.729409575,-0.512793779,0.430820495
0.127049267,0.745632827,-0.507538557,0.412668079
0.117458016,0.759106696,-0.501068532,0.398611188
0.11068365,0.769938469,-0.493578255,0.38900432
0.106833212,0.778228343,-0.485220164,0.384068727
0.105960473,0.784040868,-0.476092339,0.383912086
0.107471161,0.787939787,-0.465709001,0.388221711
0.110838667,0.790374339,-0.453383446,0.396820575
0.116198935,0.791108549,-0.438814968,0.409983665
0.123711348,0.789765179,-0.421614498,0.42802763
0.133560419,0.785790861,-0.401296347,0.451282114
0.145925328,0.778416276,-0.377281994,0.480033517
0.160949737,0.766620874,-0.348917067,0.514436185
0.178691417,0.749120831,-0.315524101,0.554375291
0.199038848,0.724417448,-0.276510477,0.599286973
0.221617386,0.690956473,-0.231546625,0.647959232
0.2457138,0.647437811,-0.18080546,0.6983971
0.27026096,0.593272209,-0.125207409,0.747870505
0.29394421,0.529052556,-0.066541061,0.793266952
0.315449476,0.456796855,-0.007321728,0.831730008
0.333763808,0.379735202,0.049646396,0.861358345
0.348395646,0.301649719,0.101847515,0.881620646
0.359407872,0.226064906,0.147509143,0.893287003
0.367276281,0.155650735,0.185760766,0.897983313
0.372682363,0.092016108,0.216509134,0.897643924
0.376331955,0.035823718,0.240180537,0.894094169
0.378846794,-0.012941916,0.257457316,0.888832569
0.38072288,-0.054699492,0.269086033,0.88297838
0.382330179,-0.090056784,0.275760502,0.87730813
0.383931309,-0.119667657,0.278067559,0.872327268
0.385705888,-0.144151554,0.276468009,0.868341446
0.387480557,-0.165304467,0.272546321,0.865015507
0.389024943,-0.184584394,0.267673045,0.861939371
0.390380681,-0.202051073,0.261894703,0.859179556
0.391583323,-0.217769504,0.255259603,0.856785655
0.39266184,-0.231809556,0.247820124,0.854790092
0.393641263,-0.244246513,0.23963587,0.853208661
0.394541174,-0.255162954,0.230776429,0.852039635
0.395376951,-0.26465109,0.221324697,0.851265192
0.396159619,-0.27281487,0.211378261,0.850851774
0.396898538,-0.279770792,0.201052099,0.85075134
0.397600085,-0.285649836,0.190477222,0.850903511
0.398268819,-0.290597141,0.17979908,0.851238787
0.398910284,-0.29476878,0.16917479,0.851681709
0.399528891,-0.298330069,0.158766672,0.852155566
0.400129825,-0.301450104,0.148736417,0.852585196
0.400719076,-0.304295897,0.139238939,0.85290134
0.401303113,-0.307027489,0.130415842,0.853042662
0.401888162,-0.309792399,0.122390635,0.852956772
0.402480185,-0.31272158,0.115265362,0.852601171
0.403083622,-0.315927356,0.109118961,0.851942837
0.403701961,-0.319500864,0.104007609,0.850956202
0.404336423,-0.323512375,0.099965446,0.849622726
0.404985994,-0.328012645,0.097006716,0.84792918
0.405647427,-0.33303377,0.095128238,0.845866024
0.406315207,-0.338591158,0.094312161,0.843427122
0.40695554,-0.344460011,0.094637036,0.840701163
0.40753901,-0.350401551,0.09620472,0.837779999
0.408064842,-0.356396079,0.099012196,0.834662557
0.408531666,-0.36241883,0.103040129,0.831346571
0.408938169,-0.36844039,0.108249985,0.827830493
0.409282744,-0.374426931,0.114580698,0.824113786
0.409564644,-0.380340666,0.121946745,0.820199192
0.409785211,-0.3861413,0.130237028,0.816093862
0.409947962,-0.391787022,0.13931486,0.81181097
0.410059065,-0.397237122,0.149020016,0.807370603
0.410128415,-0.402453661,0.15917328,0.802801073
0.410169482,-0.407404155,0.169582054,0.79813844
0.410199732,-0.412062436,0.18004854,0.793425143
0.410238624,-0.416411161,0.190377653,0.788709402
0.410308272,-0.420441747,0.200385243,0.784041822
0.410431474,-0.424154133,0.209904999,0.779473782
0.410630375,-0.427555889,0.218792826,0.77505374
0.410927117,-0.430661082,0.226930112,0.770825982
0.411340386,-0.43348822,0.234223276,0.766828954
0.411886543,-0.436059088,0.24060294,0.763093889
0.412579745,-0.438396424,0.246021196,0.759644628
0.413430989,-0.440523177,0.250447899,0.756498516
0.414447546,-0.44246164,0.253867477,0.753665805
0.415635556,-0.444231868,0.256275028,0.751151323
0.416998237,-0.445851922,0.257673413,0.748954654
0.419125587,-0.446530491,0.257938176,0.747269869
0.422704607,-0.44538781,0.256882071,0.746299028
0.427943051,-0.442213863,0.254351109,0.746067882
0.435150862,-0.436642081,0.250080884,0.746623755
0.444772154,-0.428087175,0.24365212,0.748032629
0.457441837,-0.415631562,0.234413236,0.750365078
0.474062383,-0.397828937,0.22134462,0.753660142
0.495913804,-0.372342795,0.202814952,0.757823646
0.524771929,-0.335274875,0.176131457,0.762353599
0.562900901,-0.279891729,0.13671121,0.765580416
0.612280726,-0.194352448,0.076661706,0.762536883
0.67062819,-0.05895678,-0.016682873,0.739258826
0.717849493,0.148924336,-0.156411335,0.661852837
0.698681593,0.4133856,-0.327517509,0.483413517
0.577385545,0.633980036,-0.461417586,0.227572337
0.419079006,0.744217396,-0.520107865,0.00106365
0.289188504,0.780725539,-0.532957256,-0.150978193
0.197674304,0.787654877,-0.529635072,-0.244972184
0.135178253,0.785373092,-0.522667885,-0.302876741
0.09241648,0.78126204,-0.516105175,-0.338709831
0.063115865,0.777796209,-0.51104039,-0.360398471
0.043336965,0.775726974,-0.507632017,-0.372396678
0.03062656,0.775209248,-0.505771458,-0.377237439
0.023458768,0.776196063,-0.505296648,-0.376357228
0.02090198,0.778584123,-0.506052375,-0.370514601
0.021394243,0.782414615,-0.507909715,-0.359718591
0.023751045,0.787668884,-0.510739684,-0.343742073
0.027916336,0.794094741,-0.514372289,-0.322576314
0.03384744,0.80136627,-0.51859647,-0.296182692
0.041471634,0.809081316,-0.523144424,-0.26455161
0.050715648,0.816755414,-0.527703345,-0.22774516
0.061445307,0.823834896,-0.531914175,-0.185978398
0.073480792,0.829726517,-0.535394549,-0.139668018
0.08656662,0.83384794,-0.537768006,-0.089496024
0.100388601,0.835695565,-0.538710475,-0.036416374
0.114582345,0.834920704,-0.537997127,0.018371241
0.128763214,0.831391454,-0.535542369,0.073502727
0.142558545,0.825224221,-0.531420171,0.12757197
0.155648276,0.816770732,-0.525854468,0.179266229
0.167783692,0.806564808,-0.519187212,0.22747907
0.178803816,0.795244575,-0.511825502,0.271385401
0.188630655,0.783470809,-0.504190922,0.310457021
0.197252363,0.771859646,-0.49667722,0.344435871
0.204707682,0.760939538,-0.489620984,0.373278946
0.211064979,0.751131833,-0.483290672,0.397092789
0.21640642,0.742750585,-0.477885783,0.416071087
0.220814675,0.736013114,-0.473543704,0.430443823
0.224362999,0.73105675,-0.470351517,0.440439224
0.22711423,0.727954805,-0.468354583,0.446256667
0.229112685,0.726730883,-0.467567056,0.448052138
0.231824443,0.725732207,-0.467305303,0.448548794
0.236820862,0.723235607,-0.466843754,0.450447857
0.244385079,0.719045401,-0.466087759,0.453885317
0.254962713,0.71282506,-0.464888006,0.459079027
0.269210249,0.704036534,-0.463010162,0.466347694
0.288080275,0.691831231,-0.460077912,0.476138294
0.312946588,0.674857557,-0.455469698,0.489059299
0.345788896,0.650906086,-0.448121309,0.50590384
0.389431715,0.616244495,-0.436137795,0.527607262
0.447715372,0.564369559,-0.41601494,0.554949999
0.524986565,0.483824164,-0.381131917,0.587402523
0.622669697,0.355598599,-0.31942904,0.619513631
0.727595925,0.156563237,-0.213417202,0.632886469
0.795354426,-0.111048654,-0.055906639,0.593257129
0.778172195,-0.378743291,0.118743837,0.486725271
0.694872081,-0.569568336,0.258395404,0.354931742
0.598991513,-0.678399444,0.349925429,0.241941407
0.517812967,-0.73537004,0.407289416,0.158795252
0.455604464,-0.76450634,0.444813281,0.100477941
0.409369111,-0.778903365,0.471296728,0.060049698
0.375344247,-0.78511548,0.491599619,0.032253377
0.350527048,-0.78641963,0.508419633,0.013580139
0.33276704,-0.784473538,0.523320556,0.001765569
0.320576698,-0.780102253,0.537261426,-0.004635501
0.31294468,-0.773669183,0.550871193,-0.006526242
0.30761531,-0.766461551,0.563807487,-0.005548663
0.302825391,-0.759679735,0.575477958,-0.002964188
0.298570961,-0.753322601,0.585968554,0.001196002
0.29484731,-0.74737978,0.595349491,0.006903115
0.291648358,-0.741833091,0.603676558,0.014127398
0.288966507,-0.736656964,0.610993981,0.022834007
0.286793381,-0.731819034,0.617335379,0.032978736
0.285116911,-0.727281153,0.622727811,0.04450351
0.283923566,-0.723000228,0.627193034,0.057332061
0.28319481,-0.718929589,0.630751908,0.071366951
0.282908052,-0.71502018,0.633426487,0.086487234
0.283037543,-0.711223245,0.635244131,0.102548875
0.283552438,-0.707491934,0.636238992,0.119386815
0.284418195,-0.703784287,0.636454642,0.136819854
0.285598576,-0.700064242,0.635944068,0.154656917
0.287056625,-0.696304321,0.63476938,0.172704518
0.28875345,-0.692485213,0.633001387,0.190774307
0.29065308,-0.688597202,0.630716264,0.20869033
0.292721987,-0.684638143,0.627993226,0.226294041
0.294928193,-0.680613339,0.624912798,0.243448138
0.297245771,-0.676533341,0.621552587,0.260038435
0.299649745,-0.672413349,0.617987514,0.275974363
0.302120328,-0.668270588,0.614286363,0.291187227
0.304641038,-0.664124072,0.610511422,0.305628777
0.30719766,-0.659992516,0.606718361,0.319268376
0.310611963,-0.654884398,0.602707922,0.333751112
0.31570667,-0.647678375,0.598151803,0.350794166
0.322472811,-0.638157904,0.592880607,0.370483875
0.330889434,-0.626056433,0.58668983,0.392887652
0.340913326,-0.611064255,0.579336166,0.4180291
0.352458298,-0.592844844,0.570543408,0.445857078
0.365377367,-0.571062207,0.560010552,0.476209611
0.379443944,-0.545423388,0.547433853,0.508774877
0.394338101,-0.515737355,0.532540679,0.543058813
0.40964523,-0.48198694,0.515137732,0.578370512
0.424871773,-0.444402158,0.495168,0.613839924
0.439485192,-0.403514922,0.472765088,0.648476362
0.452973783,-0.360173553,0.448287666,0.681269348
0.46491161,-0.31550011,0.422318578,0.71131146
0.475016475,-0.27078861,0.395618677,0.737915099
0.483180761,-0.227368623,0.369046569,0.760686934
0.489464045,-0.186468378,0.343462437,0.779543459
0.494060606,-0.149111211,0.319642305,0.794669032
0.497246772,-0.116063483,0.29822126,0.806435943
0.499330699,-0.087833524,0.279671162,0.81531471
0.500608981,-0.064706862,0.264306247,0.82179445
0.501338422,-0.04679817,0.252307594,0.826323509
0.501720786,-0.034107275,0.243754834,0.829274774
0.501897275,-0.026566928,0.238655299,0.830925405
0.501948118,-0.024077317,0.23696968,0.831452847
0.502092242,-0.027084749,0.239348546,0.830591381
0.502485156,-0.036296088,0.246613815,0.827872515
0.502989352,-0.052150887,0.259044975,0.822908044
0.503334165,-0.075288236,0.277017355,0.815013945
0.503058791,-0.10651309,0.30095154,0.803128242
0.501433313,-0.14670378,0.331207633,0.7857126
0.497367978,-0.196609765,0.367890805,0.760674775
0.489352077,-0.256480575,0.410537958,0.725403965
0.47551769,-0.32549721,0.457707554,0.67708075
0.45396471,-0.401135892,0.506631255,0.613458157
0.42344293,-0.478865683,0.553275943,0.534106195
0.384189397,-0.552753448,0.593174815,0.441594541
0.338357151,-0.617119491,0.622887254,0.341598272
0.289515525,-0.668396115,0.641216338,0.241389826
0.241456777,-0.705926955,0.649304032,0.147547349
0.197116509,-0.731363773,0.649698377,0.064375669
0.158166483,-0.74742049,0.645217836,-0.006319525
0.125190556,-0.75684607,0.638233781,-0.064568698
0.098071545,-0.761912525,0.630446672,-0.111393385
0.076350294,-0.764296532,0.622950137,-0.148170903
0.059461847,-0.765153527,0.616389632,-0.176261455
0.046865407,-0.765241563,0.611115813,-0.196841329
0.038108073,-0.765036643,0.607299566,-0.210841149
0.032836903,-0.764821827,0.605008006,-0.218939915
0.030814905,-0.764742076,0.604253531,-0.221580073
0.030426763,-0.765239537,0.603815138,-0.221111208
0.030160515,-0.766729832,0.60247016,-0.219648421
0.030015433,-0.769245565,0.600189805,-0.217100814
0.029999489,-0.772821605,0.596930563,-0.213355646
0.030112488,-0.777495086,0.592635989,-0.208272263
0.030365903,-0.783296824,0.587239265,-0.201678231
0.030758055,-0.790247262,0.580661952,-0.193377867
0.031288512,-0.798346758,0.572818637,-0.183145776
0.031979583,-0.8075611,0.563626051,-0.170728013
0.03281058,-0.817813933,0.553001881,-0.155860931
0.033795916,-0.828966081,0.540883124,-0.138270482
0.034920119,-0.840802968,0.527234316,-0.117707178
0.03616811,-0.853023291,0.512068868,-0.09396185
0.037524085,-0.865231931,0.495469064,-0.066903673
0.038949609,-0.876950562,0.477605075,-0.036524847
0.040407743,-0.887637675,0.458756804,-0.002968869
0.041852701,-0.896730304,0.439323962,0.033432815
0.043234833,-0.903698564,0.419824898,0.072157085
0.044502076,-0.908108473,0.400877714,0.11249765
0.045601673,-0.909676254,0.383164406,0.153606147
0.046504445,-0.908304036,0.367374152,0.19456999
0.047181688,-0.904087901,0.354146272,0.234477133
0.047619279,-0.897291362,0.344022214,0.272487491
0.047815442,-0.888299823,0.337395251,0.307898641
0.047783002,-0.877562284,0.334495664,0.340167463
0.049951512,-0.865134716,0.333364576,0.371368825
0.056714803,-0.850718498,0.331955135,0.403568298
0.067935012,-0.834264874,0.33023721,0.436268628
0.083329633,-0.815774798,0.328186691,0.468893588
0.102460086,-0.795325816,0.325795531,0.500815511
0.124747992,-0.773093462,0.323079169,0.531398475
0.149490386,-0.749364614,0.320085168,0.560045362
0.175906181,-0.724529803,0.316895187,0.586251676
0.203186899,-0.69906193,0.313623279,0.609645844
0.2305509,-0.673479676,0.310408473,0.63001436
0.257294476,-0.648304284,0.307401538,0.647306263
0.282830149,-0.624017,0.304753214,0.661615729
0.306702971,-0.60102725,0.302602053,0.673150539
0.328591049,-0.579653144,0.30106613,0.682194531
0.34829852,-0.560114503,0.30023846,0.68906951
0.365730733,-0.542539775,0.300186604,0.694103479
0.380872846,-0.526978374,0.300954491,0.697607338
0.393765002,-0.513418078,0.302566737,0.699860275
0.404483378,-0.501801431,0.305033326,0.701101422
0.413121343,-0.492041975,0.308354378,0.701529026
0.419777542,-0.484037161,0.31252417,0.701301217
0.424545407,-0.477678359,0.317534477,0.700540125
0.427508652,-0.472857088,0.323377162,0.699335217
0.428735703,-0.469470322,0.330046058,0.697748482
0.428276867,-0.467423052,0.337537646,0.695818186
0.426556051,-0.467312932,0.346328527,0.692621887
0.423937649,-0.469793618,0.356909037,0.687158465
0.420353889,-0.47484383,0.369281799,0.679306269
0.415718466,-0.4824121,0.383417249,0.66891551
0.409932286,-0.492402285,0.399240255,0.655822158
0.402891368,-0.504658937,0.416616142,0.639866412
0.394498855,-0.518951416,0.435337305,0.620919943
0.384682864,-0.534963906,0.455113977,0.598919153
0.37341556,-0.552290678,0.475572556,0.573904693
0.360736012,-0.57044661,0.49626708,0.54605788
0.346765727,-0.588891208,0.516704381,0.515729964
0.331720352,-0.607067466,0.536382377,0.4834508
0.315906256,-0.624450207,0.554837167,0.449912131
0.299702436,-0.640592873,0.571687222,0.415924221
0.283529848,-0.655164123,0.586666882,0.382351547
0.267817855,-0.667964458,0.599640131,0.350041181
0.252966017,-0.67892307,0.610594451,0.319759309
0.239322081,-0.688076437,0.619618118,0.292146087
0.227162316,-0.69553715,0.626869142,0.26769489
0.216690928,-0.701461673,0.632542431,0.246752203
0.208045036,-0.706020534,0.636840701,0.229535252
0.201302409,-0.709375322,0.639953852,0.216155097
0.196498811,-0.711664319,0.642043889,0.206644252
0.193634138,-0.712992132,0.64323765,0.200981051
0.192686588,-0.713426352,0.643622816,0.199109301
0.193932638,-0.713065743,0.64329952,0.200232312
0.197687879,-0.711960495,0.642317891,0.203615978
0.203942373,-0.710062861,0.640650034,0.209250718
0.212632582,-0.707312107,0.638258815,0.217077568
0.223634601,-0.703640938,0.635103047,0.226982757
0.23676075,-0.698983729,0.631144881,0.238793388
0.251752973,-0.69328928,0.626360655,0.25227496
0.268292129,-0.686532319,0.620750129,0.267136604
0.286003113,-0.6787256,0.614347458,0.283038706
0.304474413,-0.669928908,0.607226968,0.299609929
0.323279858,-0.660252035,0.599505365,0.316465914
0.342001587,-0.649852097,0.591339886,0.333233118
0.36025697,-0.638924003,0.582917094,0.349569291
0.377715439,-0.627686203,0.574441969,0.365181565
0.394112825,-0.616363883,0.566122413,0.379836917
0.409255296,-0.605173469,0.558156133,0.393366218
0.423015833,-0.594310045,0.550720215,0.405660599
0.435327768,-0.583938301,0.543963909,0.416664183
0.44617036,-0.574190378,0.538007438,0.426362991
0.45555836,-0.565164626,0.532941878,0.434774071
0.463529617,-0.556929648,0.528832853,0.441933751
0.470134556,-0.549528301,0.525725126,0.447889745
0.475427091,-0.542983592,0.523647904,0.452692956
0.47946021,-0.537302613,0.522618711,0.45639196
0.482279569,-0.532482266,0.522648633,0.459028989
0.485041112,-0.526808441,0.522339761,0.463000238
0.488929123,-0.518333793,0.520180404,0.470840573
0.494031459,-0.506545424,0.515898824,0.482900769
0.500432849,-0.490675181,0.50904119,0.49968189
0.508188605,-0.46960482,0.498899847,0.521837831
0.517262638,-0.441731691,0.484402597,0.550151527
0.527406335,-0.404787689,0.46394828,0.585441411
0.537926674,-0.355637044,0.435189426,0.628305137
0.547275245,-0.290177166,0.394821256,0.678530216
0.552438855,-0.203695744,0.338608444,0.733937204
0.548382401,-0.092441261,0.262252212,0.788641274
0.528527677,0.042816948,0.16397579,0.831827581
0.487778634,0.192489326,0.048518129,0.850097597
0.427357823,0.338576436,-0.071418159,0.835242987
0.356062472,0.463444829,-0.18067117,0.791072965
0.285039663,0.559042037,-0.269741029,0.730386376
0.221976385,0.627216041,-0.337088317,0.666106701
0.169834957,0.67427671,-0.385898769,0.606291354
0.128541976,0.706647277,-0.420525402,0.554332972
0.096783295,0.729270935,-0.44476071,0.510866761
0.073024616,0.745546162,-0.461422265,0.47530812
0.055923834,0.757706463,-0.472459048,0.446694434
0.044439677,0.767198384,-0.479168952,0.42406249
0.037819829,0.77496016,-0.482382178,0.406588078
0.035593215,0.7815997,-0.482586592,0.393630773
0.035473056,0.787856102,-0.481521636,0.38231051
0.035381339,0.794163406,-0.4807221,0.370079696
0.035315793,0.800487161,-0.480176151,0.35693711
0.035285722,0.806787848,-0.479865462,0.342895687
0.035293031,0.81301862,-0.479771167,0.327985823
0.035340544,0.819126129,-0.479871631,0.312260807
0.035441581,0.825053155,-0.480135798,0.295805365
0.035592619,0.830738306,-0.480540961,0.278724909
0.035805594,0.836120844,-0.481051654,0.261169106
0.036085613,0.841143847,-0.481637776,0.243310317
0.03644063,0.845756769,-0.482267916,0.225355923
0.036873668,0.849920928,-0.482913554,0.207531318
0.03739316,0.85361141,-0.48354885,0.190078974
0.037995771,0.856818378,-0.484155267,0.173240632
0.038691308,0.859549463,-0.484714597,0.157255858
0.039476808,0.861825943,-0.485219598,0.142336488
0.040357228,0.863681257,-0.485662609,0.128677368
0.041323904,0.865157545,-0.486044228,0.1164295
0.042378556,0.866301358,-0.486365169,0.105712384
0.043517429,0.867159784,-0.486627758,0.096611075
0.044737663,0.867777705,-0.486834794,0.089176215
0.046029188,0.868195295,-0.486989439,0.083424039
0.047393583,0.868446231,-0.487091064,0.079355389
0.048818283,0.868557096,-0.48713994,0.076942362
0.050302241,0.868546963,-0.487132341,0.076144896
0.0527291,0.867749691,-0.487801194,0.07924667
0.057057433,0.865375936,-0.489889622,0.088753976
0.063445963,0.861102343,-0.493383646,0.105119012
0.072101228,0.854364634,-0.498218536,0.128999144
0.08328747,0.8442837,-0.504227519,0.16125457
0.097282335,0.829567313,-0.511075258,0.20287019
0.114343241,0.808405578,-0.518143892,0.254819423
0.13458921,0.778410912,-0.524398088,0.317756206
0.15784055,0.736720622,-0.528257608,0.391500771
0.183405131,0.680458546,-0.527590752,0.474327743
0.209896356,0.607727706,-0.520011783,0.562315166
0.235304341,0.518998384,-0.503615201,0.649341464
0.257441193,0.418126225,-0.477951795,0.728324592
0.274679154,0.311928779,-0.444594145,0.793465734
0.286482871,0.208152801,-0.406720191,0.842127562
0.293387026,0.113118529,-0.367945611,0.875068188
0.296535611,0.030489735,-0.331243902,0.895217538
0.297177672,-0.038565762,-0.298490971,0.906146348
0.296367586,-0.094524466,-0.270561695,0.911058664
0.294875354,-0.138648197,-0.247652069,0.912410915
0.293214679,-0.172400355,-0.229589313,0.911916733
0.291704625,-0.197132364,-0.216051996,0.910696924
0.290532142,-0.213949919,-0.206698477,0.90944618
0.289798886,-0.22367388,-0.201234579,0.908565462
0.289551049,-0.226841465,-0.199446112,0.908253551
0.290029556,-0.223698974,-0.201143861,0.908505738
0.291471004,-0.214135408,-0.206298053,0.90919292
0.293855101,-0.197870702,-0.21500209,0.910093665
0.297114998,-0.174546123,-0.22733435,0.910810351
0.301121712,-0.143771663,-0.243325174,0.910740614
0.305666625,-0.10520786,-0.262907326,0.909053922
0.310446322,-0.058688052,-0.285852879,0.904691637
0.315056264,-0.004380159,-0.311704725,0.896415412
0.319009662,0.057035677,-0.339724362,0.882931054
0.32178688,0.12422657,-0.368886113,0.863101363
0.322922677,0.195178092,-0.397950351,0.836218894
0.322105944,0.267349601,-0.425623059,0.802257419
0.319264114,0.338008136,-0.450768203,0.76199013
0.314586818,0.404652834,-0.47259739,0.716898143
0.308477581,0.465378791,-0.490766823,0.668888688
0.301464915,0.51905334,-0.505354941,0.619934618
0.29409191,0.565293908,-0.516750813,0.571770251
0.286844164,0.604298651,-0.525513887,0.525717318
0.280108511,0.63663286,-0.532249928,0.482646793
0.274167538,0.663035095,-0.537531137,0.443031698
0.26921159,0.684276879,-0.541855633,0.40704146
0.265366107,0.701076806,-0.545635879,0.3746382
0.262711227,0.714056551,-0.549205184,0.345658541
0.261303782,0.723724127,-0.552832305,0.31987527
0.261193901,0.73047173,-0.556737542,0.297039032
0.260662138,0.736071706,-0.561088383,0.274651825
0.25787729,0.742031038,-0.565888882,0.250318289
0.252725482,0.748234689,-0.57106787,0.22395575
0.24510397,0.754530966,-0.576526463,0.195510834
0.234929979,0.760729134,-0.582136512,0.164973661
0.222159594,0.766600907,-0.587740898,0.132396281
0.206805915,0.77188766,-0.593156219,0.097910397
0.188956931,0.77631259,-0.598182201,0.061742231
0.168793023,0.77960068,-0.602615118,0.024221711
0.146598026,0.781504214,-0.606265604,-0.014217966
0.122757874,0.781830549,-0.608979821,-0.053056177
0.097751632,0.780467331,-0.610658824,-0.091713488
0.072115883,0.777399957,-0.611272991,-0.129591763
0.046424836,0.772716403,-0.610867739,-0.166116655
0.021243181,0.766598344,-0.609559298,-0.200781494
-0.002920974,0.759300292,-0.607521832,-0.233177587
0.025618868,-0.751121521,0.604967773,0.263010025
0.046487506,-0.742378831,0.602127135,0.290095747
0.065254115,-0.733379006,0.599231064,0.314355522
0.081726283,-0.724402368,0.596495867,0.335789949
0.09576802,-0.715691149,0.594116211,0.354458332
0.107295476,-0.707445502,0.592260122,0.370454669
0.116252877,-0.69982326,0.591068923,0.383888394
0.122594863,-0.69294405,0.590660572,0.394866079
0.126276121,-0.68689394,0.591131389,0.403478563
0.127202958,-0.682033598,0.593240917,0.408307433
0.125151679,-0.678756595,0.597899914,0.407605648
0.119761318,-0.677142859,0.605439782,0.400721103
0.110483743,-0.677204788,0.616211474,0.386614054
0.09652821,-0.678820431,0.630545318,0.363727391
0.076797947,-0.681601465,0.648644865,0.329820603
0.049841225,-0.684645474,0.670348763,0.281795979
0.013897498,-0.686114192,0.694660485,0.215640679
0.032799393,0.682617247,-0.718938887,-0.126826167
0.091117568,0.668679237,-0.737851858,-0.011848645
0.15937005,0.637227714,-0.743010461,0.128364682
0.231601521,0.582663476,-0.725315809,0.284220129
0.298421741,0.506017566,-0.680866361,0.437392056
0.351601332,0.416873425,-0.61545366,0.569042981
0.388344079,0.328136265,-0.541316152,0.669695616
0.410874039,0.249178261,-0.469656676,0.740618289
0.42327714,0.183776453,-0.406755269,0.788424313
0.429225117,0.131862789,-0.354586601,0.820150256
0.431296825,0.091725275,-0.312782466,0.841270924
0.43110624,0.061324339,-0.280094326,0.855531454
0.429604948,0.038840543,-0.255138814,0.865352631
0.427330256,0.022824675,-0.236694336,0.872263551
0.424569875,0.01219018,-0.223783866,0.877218664
0.421460778,0.00615873,-0.215673506,0.880805254
0.418044239,0.004205105,-0.211845815,0.883370101
0.414253652,0.006925589,-0.211194932,0.88529247
0.410018772,0.015121929,-0.212841958,0.886766136
0.405297309,0.028695993,-0.216720358,0.887661576
0.400017619,0.047473457,-0.222714037,0.887767196
0.394091278,0.07117445,-0.23064965,0.886807144
0.387427181,0.09938363,-0.240290284,0.884468138
0.379949272,0.131526798,-0.251333416,0.880437911
0.371619016,0.166860834,-0.263417602,0.874452949
0.36245206,0.204489917,-0.276138276,0.866348684
0.352531731,0.243406758,-0.289073408,0.856102347
0.342011899,0.282559752,-0.301816314,0.843857169
0.331107587,0.320933461,-0.314007342,0.829920948
0.320074707,0.357626289,-0.32536,0.814737141
0.30918473,0.39190793,-0.335674435,0.798833907
0.29869768,0.423251152,-0.344838321,0.782767475
0.288841933,0.451329589,-0.352816075,0.76706773
0.279801846,0.47599414,-0.359631896,0.752200425
0.271713078,0.497236192,-0.36534977,0.738544345
0.264665544,0.515143931,-0.370055288,0.726386905
0.258709669,0.52986455,-0.373841822,0.715929687
0.253866374,0.541570663,-0.376799136,0.707301617
0.250133634,0.550438106,-0.379007101,0.700574577
0.247497633,0.556625664,-0.380532086,0.695778847
0.245934233,0.560268104,-0.38142401,0.69291532
0.245419085,0.561465979,-0.381716758,0.691966593
0.24695003,0.559790611,-0.380146325,0.693641782
0.251650631,0.554593027,-0.375283092,0.698756933
0.259781897,0.54540503,-0.366720468,0.707504749
0.271743983,0.531421006,-0.35376671,0.720136106
0.288079768,0.511383951,-0.335359573,0.736905992
0.309448987,0.483418196,-0.309941351,0.757947624
0.336532921,0.444810212,-0.275310993,0.783002794
0.369772941,0.391806036,-0.228519604,0.810885251
0.408781499,0.319668293,-0.166025713,0.838537693
0.451282054,0.22361204,-0.084610984,0.859757543
0.491872877,0.101578042,0.0162658,0.864568353
0.522136927,-0.041200545,0.131005928,0.841732144
0.534246027,-0.189815506,0.246738523,0.785920799
0.526439071,-0.325320005,0.3486678,0.703888953
0.504087567,-0.435075492,0.428171545,0.610961735
0.475131512,-0.516832173,0.485047281,0.521405578
0.44572863,-0.574946761,0.523794055,0.443172723
0.419192106,-0.61545223,0.549648046,0.378660232
0.396782398,-0.643550158,0.566819489,0.327296019
0.378679127,-0.663036764,0.578239858,0.287442237
0.364617974,-0.676488221,0.585825026,0.257345438
0.354209006,-0.685596108,0.590791106,0.235499367
0.347082525,-0.691444457,0.593895674,0.220740378
0.342944652,-0.694702566,0.595593274,0.212240562
0.341593832,-0.695744634,0.596131265,0.209477276
0.343120515,-0.694899261,0.595786273,0.210765615
0.347825617,-0.692263544,0.594702244,0.214750737
0.356046081,-0.687552631,0.592731893,0.22174637
0.368353665,-0.680247366,0.589596629,0.232281968
0.385625094,-0.66947335,0.584810376,0.247175127
0.409151137,-0.653774977,0.577528477,0.267646343
0.440778196,-0.63068378,0.566251814,0.295485049
0.483022869,-0.595894337,0.548224449,0.333240092
0.538873792,-0.541696131,0.518209636,0.384238392
0.610171676,-0.454356968,0.466188967,0.451573044
0.691344321,-0.312077194,0.37457037,0.533242822
0.755025625,-0.094874784,0.222811416,0.60933584
0.751097679,0.174050108,0.018529788,0.636565447
0.666335046,0.412403673,-0.178605393,0.594996691
0.550960541,0.569105506,-0.319946051,0.519803703
0.447850555,0.6581285,-0.407547623,0.447439015
0.367921323,0.707514346,-0.460471332,0.389901996
0.308327109,0.735715985,-0.493252248,0.346927285
0.264016777,0.752502739,-0.514288366,0.315503418
0.230833054,0.762877822,-0.528189003,0.292831033
0.205817059,0.769463241,-0.537518203,0.276838869
0.186945647,0.773681343,-0.543745339,0.266100675
0.172845617,0.776328206,-0.547730446,0.259673506
0.162600458,0.777851701,-0.54997611,0.256970853
0.155607462,0.778493762,-0.550759256,0.25767833
0.150173783,0.778713167,-0.550842643,0.260050237
0.144887507,0.778883338,-0.550885737,0.262437314
0.139770508,0.779007077,-0.5508793,0.264847606
0.134841844,0.779087663,-0.550814152,0.267289996
0.130123481,0.779129028,-0.550678849,0.269775212
0.125636339,0.77913624,-0.550461292,0.272313595
0.121399865,0.779114068,-0.550148845,0.274917364
0.117433116,0.779069126,-0.549727023,0.277598619
0.113754921,0.779007554,-0.549180388,0.280370981
0.11037828,0.778936327,-0.548494697,0.283246547
0.107311092,0.778862298,-0.547655821,0.286236197
0.104561083,0.778791547,-0.546650589,0.289350897
0.102124713,0.77873069,-0.545467794,0.292598784
0.099996641,0.778684676,-0.544098914,0.29598543
0.098166831,0.778657734,-0.542537093,0.29951492
0.096615493,0.778652728,-0.540780425,0.303186327
0.095326722,0.778671563,-0.53882724,0.306999534
0.094278492,0.778715193,-0.536679506,0.310949117
0.093443125,0.778782487,-0.534343004,0.315029681
0.092798837,0.778872907,-0.531823039,0.319233149
0.092324547,0.778983414,-0.529126704,0.323552012
0.091993563,0.77911222,-0.526262641,0.327977061
0.091783538,0.779255807,-0.523240983,0.332498372
0.091680579,0.779411256,-0.520068705,0.33710745
0.091661282,0.779574871,-0.516756535,0.341795266
0.092418529,0.778840899,-0.51323539,0.348504066
0.094730616,0.776163161,-0.509306252,0.359449565
0.098794833,0.771172583,-0.504714191,0.375227928
0.104932129,0.763222933,-0.499076664,0.39673987
0.113614686,0.751245916,-0.49179849,0.425271273
0.125520691,0.733492553,-0.481918305,0.46258837
0.141578481,0.707077324,-0.46783936,0.511002481
0.162973478,0.667204022,-0.446855158,0.573235512
0.190955475,0.605999649,-0.414390147,0.65159905
0.2260205,0.511433959,-0.363164604,0.745292902
0.265788376,0.369037479,-0.283792168,0.844174147
0.302060515,0.173024192,-0.170966119,0.921733558
0.322669774,-0.05399029,-0.035923552,0.944287539
0.322452217,-0.264651597,0.093473516,0.904017091
0.30832845,-0.425984561,0.195618495,0.827770591
0.290140361,-0.536361158,0.267480999,0.746049047
0.273664236,-0.608710289,0.315794677,0.674428225
0.260917753,-0.655874074,0.348025352,0.616951764
0.252144873,-0.686778605,0.369610012,0.57284075
0.247011632,-0.706987321,0.384044796,0.540059209
0.245095819,-0.719858646,0.393496424,0.516616225
0.24604772,-0.727401078,0.399291009,0.500914216
0.249629587,-0.73079145,0.402226567,0.491775215
0.255710781,-0.730672598,0.402757138,0.488381416
0.264263779,-0.72731328,0.401094109,0.490207762
0.27546367,-0.72091192,0.397851616,0.496104777
0.289539963,-0.711437106,0.393489987,0.505162835
0.306618214,-0.698492289,0.387798131,0.517403543
0.326821715,-0.681545079,0.38049534,0.532829523
0.350232989,-0.659924626,0.371226579,0.551386654
0.376847953,-0.632832825,0.359561414,0.572908223
0.406505227,-0.599382877,0.345005214,0.597047031
0.438803613,-0.558682919,0.327033639,0.623196542
0.473019451,-0.509982228,0.305157423,0.650422633
0.50804919,-0.452886969,0.27902773,0.677438557
0.542428136,-0.387613386,0.248568892,0.702667177
0.574464023,-0.315207034,0.214106649,0.724426627
0.602495372,-0.237608641,0.176432014,0.74122411
0.625207484,-0.157480821,0.136746839,0.752074361
0.641892076,-0.077798702,0.096483164,0.75671196
0.652537405,-0.001346834,0.057054494,0.755604386
0.657727897,0.069691986,0.019632796,0.749767721
0.658419907,0.133929685,-0.014975717,0.740487576
0.655700684,0.190746933,-0.046344001,0.729057312
0.650603414,0.240127921,-0.07436087,0.71660614
0.64400506,0.282452732,-0.099135764,0.704024255
0.636593342,0.318314224,-0.12090911,0.69195807
0.628874719,0.34838146,-0.139981851,0.680846572
0.621204555,0.373313963,-0.156668633,0.670966923
0.613820732,0.393711567,-0.171269596,0.662481725
0.606176436,0.411512107,-0.184596613,0.655081809
0.597628176,0.42835778,-0.19732666,0.6483922
0.588190675,0.444342703,-0.209536076,0.642406404
0.577869177,0.45955357,-0.221299484,0.63710624
0.566663265,0.47406888,-0.232689708,0.632460952
0.554570496,0.487959355,-0.243777558,0.628426433
0.541590154,0.501287222,-0.254631579,0.624943256
0.527726412,0.514107406,-0.265317768,0.621936381
0.512995362,0.526466191,-0.275899112,0.61931318
0.497427672,0.538402021,-0.286434382,0.616963863
0.481073767,0.54994601,-0.296977162,0.61476171
0.464005947,0.561122239,-0.307575047,0.61256671
0.446321338,0.571948051,-0.318267763,0.610228062
0.428142071,0.58243531,-0.329086483,0.60758996
0.409611791,0.592591345,-0.340052545,0.604498088
0.390892476,0.602419794,-0.351177633,0.600805938
0.37215817,0.611922562,-0.362463057,0.596380532
0.353591532,0.621097982,-0.373900056,0.591108382
0.33537218,0.629944861,-0.385471374,0.584898949
0.317674726,0.638460636,-0.397150993,0.577686667
0.300660968,0.646642208,-0.40890637,0.569431603
0.28447777,0.654485822,-0.420699358,0.560118616
0.269251913,0.661987066,-0.43248722,0.549755752
0.255086571,0.669141829,-0.444225073,0.538371861
0.242068812,0.675944328,-0.455864727,0.526012778
0.229566619,0.682667971,-0.467883199,0.512200177
0.216899261,0.689535022,-0.480757624,0.496354997
0.204060003,0.696448922,-0.494423121,0.478397697
0.191054642,0.70329231,-0.508783519,0.45827657
0.177901626,0.709928751,-0.52371031,0.435981452
0.164640903,0.716206312,-0.539037287,0.411559105
0.15132831,0.721964598,-0.554565668,0.38512826
0.138046861,0.727045178,-0.570066094,0.356893659
0.124896228,0.731304884,-0.585290909,0.327152342
0.111998037,0.734629989,-0.599987507,0.296294451
0.099484585,0.736949742,-0.613915682,0.264793158
0.087497897,0.73824811,-0.626865327,0.233181611
0.076170564,0.738566697,-0.638673544,0.202023432
0.065627977,0.738003492,-0.649231434,0.171878889
0.055961888,0.736702025,-0.658492804,0.143267795
0.047256626,0.734838367,-0.666463315,0.116645366
0.039551556,0.732603252,-0.673196852,0.092380889
0.032870274,0.730187297,-0.678778231,0.070753887
0.027204353,0.727766633,-0.683313072,0.051951617
0.022534113,0.725494385,-0.686912,0.036085133
0.018820345,0.723495245,-0.689682841,0.023196084
0.016016306,0.721863806,-0.691722274,0.013279025
0.01408407,0.720665812,-0.693111122,0.006286039
0.01295287,0.719938874,-0.693913281,0.00215172
0.012587113,0.719697118,-0.694173813,0.000796383
0.014832638,0.719548047,-0.694276333,0.00331858
0.021717176,0.719038546,-0.694542289,0.011084322
0.033679143,0.717968345,-0.694826126,0.02457734
0.051394127,0.715950251,-0.694829345,0.044565387
0.075813778,0.712315917,-0.694013417,0.072137699
0.10818515,0.705957413,-0.691448569,0.108716138
0.149986252,0.695089579,-0.685579002,0.156000212
0.202701196,0.676937521,-0.673896372,0.215711728
0.267215908,0.64746666,-0.652614295,0.288924187
0.342636913,0.601549983,-0.616699159,0.374726236
0.424674451,0.534348905,-0.561022341,0.468376845
0.504856706,0.444454998,-0.48329711,0.560360074
0.572745085,0.337204427,-0.387513787,0.638818681
0.6210199,0.224156618,-0.28399542,0.695294678
0.648917317,0.117670126,-0.184554487,0.7286973
0.660798013,0.02564998,-0.097279795,0.743790805
0.662450492,-0.049429584,-0.025188684,0.747048676
0.658655226,-0.108579487,0.032166891,0.743874371
0.652585208,-0.154175952,0.076725595,0.737885892
0.646098554,-0.188723221,0.110693596,0.731223047
0.6401968,-0.214353517,0.136014089,0.725052297
0.635378957,-0.232715815,0.154219106,0.719967663
0.631871939,-0.245007113,0.16643624,0.716246068
0.629760087,-0.252043992,0.173441976,0.713998556
0.629059017,-0.254325241,0.175714865,0.713251531
0.629518449,-0.251996756,0.173955426,0.71410352
0.630872309,-0.244911879,0.16860266,0.716652989
0.633030474,-0.232873082,0.159510016,0.720832288
0.635817707,-0.215633124,0.146495357,0.726482868
0.638957798,-0.192926317,0.129365191,0.733332813
0.642059326,-0.164518878,0.10795249,0.740972102
0.64460808,-0.130282238,0.082172193,0.748835564
0.645980299,-0.090287685,0.05209177,0.756203771
0.645485282,-0.044911005,0.01800888,0.762238443
0.642447054,0.005078549,-0.019483622,0.766065598
0.636319578,0.058482859,-0.059473712,0.766902864
0.626810193,0.113728404,-0.100773573,0.764211714
0.613971233,0.169021502,-0.142037764,0.757823467
0.598219752,0.222572893,-0.181932986,0.747993886
0.580271423,0.272828668,-0.219309419,0.735359073
0.561014295,0.31863302,-0.253320247,0.720808506
0.541362464,0.359289199,-0.283464164,0.705326915
0.522141278,0.394522369,-0.309554577,0.689852536
0.504018664,0.424382448,-0.331645459,0.675185978
0.487484425,0.449129581,-0.349944115,0.661952198
0.472866923,0.469128788,-0.36473307,0.650603592
0.460362703,0.484770328,-0.376311034,0.64144671
0.450073123,0.496417016,-0.384953797,0.634676993
0.442036867,0.504369617,-0.390889585,0.630412698
0.436255455,0.508848846,-0.39428544,0.628723443
0.432814598,0.509048522,-0.395244807,0.630335331
0.431854457,0.503869772,-0.393698156,0.636096597
0.433443427,0.492815942,-0.389378041,0.646253884
0.437635988,0.475072354,-0.381823272,0.661053717
0.444432974,0.449454963,-0.370335609,0.680676997
0.453703642,0.414369613,-0.353931427,0.705112398
0.465060651,0.367825776,-0.331310064,0.733932257
0.477669746,0.307600796,-0.30089125,0.76594907
0.490030676,0.231703192,-0.261019975,0.798781753
0.499846131,0.139296725,-0.210467458,0.828525066
0.504228652,0.032016154,-0.149266079,0.849969506
0.500499189,-0.084976934,-0.079570815,0.857874155
0.487406015,-0.203383043,-0.005804137,0.849139094
0.465940714,-0.314142644,0.066483915,0.824495912
0.438966423,-0.410472006,0.132497787,0.788204134
0.409938127,-0.489420801,0.189491794,0.745996535
0.381734729,-0.551368415,0.236830518,0.702981353
0.356191456,-0.598536849,0.275265604,0.662653863
0.33420065,-0.633682251,0.306148618,0.62692076
0.316023409,-0.659357429,0.33091104,0.596552491
0.30157578,-0.677635014,0.35081926,0.57165432
0.290625751,-0.690078735,0.366900861,0.552007139
0.282909662,-0.697807729,0.379949808,0.537275314
0.278191179,-0.701580405,0.390559942,0.527121902
0.27628985,-0.70186609,0.399160773,0.521266341
0.275815845,-0.70043385,0.40672344,0.51758486
0.27548942,-0.698860168,0.413993001,0.514110804
0.275345534,-0.697140574,0.420955092,0.510858834
0.275425285,-0.695269108,0.427594155,0.507843614
0.275771171,-0.693239987,0.433894515,0.505078375
0.276430964,-0.691046834,0.43983984,0.502574563
0.277453899,-0.688682735,0.445414811,0.500341117
0.278890252,-0.686141133,0.450604647,0.498383373
0.280790687,-0.683415413,0.45539698,0.49670285
0.283202618,-0.680499792,0.459781796,0.495295018
0.286168784,-0.677389443,0.463752955,0.494150102
0.289725184,-0.674080491,0.467308342,0.493252218
0.29389748,-0.670571208,0.470451117,0.492579222
0.298701763,-0.666860938,0.47318846,0.492104083
0.304140091,-0.662951648,0.475533158,0.491794795
0.310204059,-0.658846259,0.477501601,0.491616994
0.316873103,-0.654550195,0.479113668,0.491534084
0.3241162,-0.650069833,0.480391681,0.491509616
0.331895709,-0.645412922,0.481359243,0.491508693
0.340165794,-0.640588343,0.482040942,0.491498083
0.348878235,-0.635605454,0.482460648,0.491448224
0.357981861,-0.630474389,0.482641965,0.491332769
0.367425084,-0.625205338,0.482606769,0.49112913
0.377156734,-0.619809031,0.482376158,0.49081865
0.387127966,-0.61429584,0.481969029,0.490385979
0.398177564,-0.608590007,0.479543746,0.491030335
0.411155254,-0.60256207,0.473171651,0.493942291
0.425986439,-0.596114695,0.462737978,0.499055564
0.442528307,-0.58911705,0.448141873,0.506239772
0.460557342,-0.581413984,0.429325521,0.515290558
0.479760438,-0.572841406,0.406310707,0.525922298
0.499733359,-0.563247323,0.379240334,0.537769258
0.519994199,-0.552517772,0.348417878,0.550395489
0.540010631,-0.540605187,0.314334035,0.563319385
0.559240818,-0.527553439,0.277673334,0.576050937
0.577187181,-0.513510287,0.239287928,0.58813554
0.593444586,-0.498726517,0.200143725,0.599197865
0.607738376,-0.483534992,0.161242321,0.608973742
0.619941711,-0.468317389,0.123538181,0.617324412
0.630067706,-0.453464538,0.087866537,0.624230742
0.638243616,-0.439340353,0.054896325,0.629770994
0.644675493,-0.426254779,0.025112452,0.634089768
0.649610043,-0.41444993,-0.001176453,0.63736707
0.653302968,-0.404098302,-0.023811294,0.63979131
0.65599519,-0.395308852,-0.04274879,0.641540229
0.657899439,-0.388137639,-0.058024917,0.642767906
0.659191668,-0.382601649,-0.069724046,0.643600047
0.660010219,-0.3786892,-0.077952318,0.644130766
0.660455823,-0.376371264,-0.082818843,0.644425213
0.660594881,-0.375608355,-0.084422171,0.644519746
0.660417855,-0.37714693,-0.082390554,0.64406544
0.659851432,-0.381816715,-0.07620021,0.642655194
0.658792853,-0.389708817,-0.065654553,0.640162885
0.657064557,-0.400915831,-0.050494291,0.636382818
0.654402971,-0.415507793,-0.030415604,0.631018996
0.650444746,-0.433496833,-0.005103824,0.623679578
0.644719005,-0.454788238,0.025712378,0.613876164
0.636655092,-0.479117513,0.062180188,0.601041019
0.625613332,-0.505985558,0.104215272,0.584573269
0.610957384,-0.534606516,0.151379019,0.563925087
0.592173338,-0.563900352,0.202771753,0.538730681
0.56902343,-0.592561901,0.256989866,0.508958697
0.541693389,-0.619219542,0.312199414,0.475044161
0.510873556,-0.642660081,0.366343737,0.437936664
0.47771886,-0.662047565,0.417446285,0.399019182
0.443684101,-0.67705363,0.463904828,0.359909862
0.410289913,-0.6878528,0.504678965,0.322210878
0.378905207,-0.695000291,0.539320529,0.287296027
0.35060811,-0.699256778,0.567872643,0.256192684
0.326146543,-0.70142591,0.590703428,0.229563832
0.305964977,-0.702238858,0.608342588,0.207762465
0.290277481,-0.702294469,0.621347904,0.190914318
0.279139638,-0.702040136,0.630221188,0.179003283
0.272516221,-0.701776147,0.635359585,0.171939626
0.270329326,-0.701670885,0.637034178,0.169610009
